scale,result_load,traffic_seed,chain_id,delta_swap_result_tx_ns,delta_latency_ns,delta_expected_output_fidelity,delta_resource_wait_ns,delta_swap_R_wait_ns,delta_teleport_A_wait_ns,delta_swap_B_wait_ns,delta_teleport_B_wait_ns,delta_swap_packet_queue_ns,delta_ready_packet_queue_ns,delta_teleport_packet_queue_ns,delta_total_control_queue_ns
0.5,0,101,1,-200000,-200000,1.1102230246251565e-16,-200000,0,0,0,0,0,0,0,0
0.5,0,101,2,-200000,-200000,-1.1102230246251565e-16,0,-200000,0,0,0,0,0,0,0
0.5,0,101,3,-200000,-200000,3.3306690738754696e-16,0,-200000,0,0,0,0,0,0,0
0.5,0,101,4,-200000,-200000,-1.1102230246251565e-16,0,-200000,0,0,0,0,0,0,0
0.5,0,102,1,-200000,-200000,1.1102230246251565e-16,-200000,0,0,0,0,0,0,0,0
0.5,0,102,2,-200000,-200000,-1.1102230246251565e-16,0,-200000,0,0,0,0,0,0,0
0.5,0,102,3,-200000,-200000,3.3306690738754696e-16,0,-200000,0,0,0,0,0,0,0
0.5,0,102,4,-200000,-200000,-1.1102230246251565e-16,0,-200000,0,0,0,0,0,0,0
0.5,0,103,1,-200000,-200000,1.1102230246251565e-16,-200000,0,0,0,0,0,0,0,0
0.5,0,103,2,-200000,-200000,-1.1102230246251565e-16,0,-200000,0,0,0,0,0,0,0
0.5,0,103,3,-200000,-200000,3.3306690738754696e-16,0,-200000,0,0,0,0,0,0,0
0.5,0,103,4,-200000,-200000,-1.1102230246251565e-16,0,-200000,0,0,0,0,0,0,0
0.5,0,104,1,-200000,-200000,1.1102230246251565e-16,-200000,0,0,0,0,0,0,0,0
0.5,0,104,2,-200000,-200000,-1.1102230246251565e-16,0,-200000,0,0,0,0,0,0,0
0.5,0,104,3,-200000,-200000,3.3306690738754696e-16,0,-200000,0,0,0,0,0,0,0
0.5,0,104,4,-200000,-200000,-1.1102230246251565e-16,0,-200000,0,0,0,0,0,0,0
0.5,0.7,101,1,-200000,-1570487,0.013390917271472902,-200000,0,0,0,-474400,-786715,0,-109372,-896087
0.5,0.7,101,2,-200000,-1177143,0.0026366147064876833,0,-200000,-422857,0,0,200000,0,-754286,-554286
0.5,0.7,101,3,-200000,0,0.0002010608341371789,0,-200000,-363858,0,0,141001,0,422857,563858
0.5,0.7,101,4,-200000,-70056,0.00012069330418162938,0,-200000,147630,324800,0,-695287,0,352801,-342486
0.5,0.7,102,1,-200000,-1472795,0.01222745814165549,-200000,0,0,0,-474400,-689023,0,-109372,-798395
0.5,0.7,102,2,-200000,-1177143,0.0027150310401292677,0,-200000,-422857,0,0,200000,0,-754286,-554286
0.5,0.7,102,3,-200000,0,0.00020704064355459018,0,-200000,-266166,0,0,43309,0,422857,466166
0.5,0.7,102,4,-200000,-70056,-0.00013215695257307036,0,-200000,-91428,0,0,200000,0,21372,221372
0.5,0.7,103,1,-200000,0,-0.002750958722159691,-200000,0,0,0,0,200000,0,0,200000
0.5,0.7,103,2,-200000,0,-0.001212592800217016,0,-200000,200000,0,0,0,0,0,0
0.5,0.7,103,3,-200000,0,-0.0005319322098582546,0,-200000,0,0,0,200000,0,0,200000
0.5,0.7,103,4,-200000,0,-0.00022164731693230522,0,-200000,0,0,0,200000,0,0,200000
0.5,0.7,104,1,-200000,0,-0.002543637586422398,-200000,0,0,0,0,200000,0,0,200000
0.5,0.7,104,2,-200000,0,-0.0011212078897481215,0,-200000,3607,0,0,196393,0,0,196393
0.5,0.7,104,3,-200000,0,5.3255701317866944e-05,0,-200000,619250,0,0,-750679,0,331429,-419250
0.5,0.7,104,4,-200000,-1107087,0.0004367814824641769,0,-200000,-331429,0,0,200000,0,-775658,-575658
1,0,101,1,0,0,0.0,0,0,0,0,0,0,0,0,0
1,0,101,2,0,0,0.0,0,0,0,0,0,0,0,0,0
1,0,101,3,0,0,0.0,0,0,0,0,0,0,0,0,0
1,0,101,4,0,0,0.0,0,0,0,0,0,0,0,0,0
1,0,102,1,0,0,0.0,0,0,0,0,0,0,0,0,0
1,0,102,2,0,0,0.0,0,0,0,0,0,0,0,0,0
1,0,102,3,0,0,0.0,0,0,0,0,0,0,0,0,0
1,0,102,4,0,0,0.0,0,0,0,0,0,0,0,0,0
1,0,103,1,0,0,0.0,0,0,0,0,0,0,0,0,0
1,0,103,2,0,0,0.0,0,0,0,0,0,0,0,0,0
1,0,103,3,0,0,0.0,0,0,0,0,0,0,0,0,0
1,0,103,4,0,0,0.0,0,0,0,0,0,0,0,0,0
1,0,104,1,0,0,0.0,0,0,0,0,0,0,0,0,0
1,0,104,2,0,0,0.0,0,0,0,0,0,0,0,0,0
1,0,104,3,0,0,0.0,0,0,0,0,0,0,0,0,0
1,0,104,4,0,0,0.0,0,0,0,0,0,0,0,0,0
1,0.7,101,1,0,0,0.0,0,0,0,0,0,0,0,0,0
1,0.7,101,2,0,0,0.0,0,0,0,0,0,0,0,0,0
1,0.7,101,3,0,0,0.0,0,0,0,0,0,0,0,0,0
1,0.7,101,4,0,0,0.0,0,0,0,0,0,0,0,0,0
1,0.7,102,1,0,0,0.0,0,0,0,0,0,0,0,0,0
1,0.7,102,2,0,0,0.0,0,0,0,0,0,0,0,0,0
1,0.7,102,3,0,0,0.0,0,0,0,0,0,0,0,0,0
1,0.7,102,4,0,0,0.0,0,0,0,0,0,0,0,0,0
1,0.7,103,1,0,0,0.0,0,0,0,0,0,0,0,0,0
1,0.7,103,2,0,0,0.0,0,0,0,0,0,0,0,0,0
1,0.7,103,3,0,0,0.0,0,0,0,0,0,0,0,0,0
1,0.7,103,4,0,0,0.0,0,0,0,0,0,0,0,0,0
1,0.7,104,1,0,0,0.0,0,0,0,0,0,0,0,0,0
1,0.7,104,2,0,0,0.0,0,0,0,0,0,0,0,0,0
1,0.7,104,3,0,0,0.0,0,0,0,0,0,0,0,0,0
1,0.7,104,4,0,0,0.0,0,0,0,0,0,0,0,0,0
2,0,101,1,1200000,1200000,-0.017311571778593104,1200000,0,0,0,0,0,0,0,0
2,0,101,2,1200000,1200000,-0.007778590614516467,600000,600000,0,0,0,0,0,0,0
2,0,101,3,1200000,1200000,-0.0034951460631122977,0,1200000,0,0,0,0,0,0,0
2,0,101,4,1200000,1200000,-0.0014246628180836218,0,1200000,0,0,0,0,0,0,0
2,0,102,1,1200000,1200000,-0.017311571778593104,1200000,0,0,0,0,0,0,0,0
2,0,102,2,1200000,1200000,-0.007778590614516467,600000,600000,0,0,0,0,0,0,0
2,0,102,3,1200000,1200000,-0.0034951460631122977,0,1200000,0,0,0,0,0,0,0
2,0,102,4,1200000,1200000,-0.0014246628180836218,0,1200000,0,0,0,0,0,0,0
2,0,103,1,1200000,1200000,-0.017311571778593104,1200000,0,0,0,0,0,0,0,0
2,0,103,2,1200000,1200000,-0.007778590614516467,600000,600000,0,0,0,0,0,0,0
2,0,103,3,1200000,1200000,-0.0034951460631122977,0,1200000,0,0,0,0,0,0,0
2,0,103,4,1200000,1200000,-0.0014246628180836218,0,1200000,0,0,0,0,0,0,0
2,0,104,1,1200000,1200000,-0.017311571778593104,1200000,0,0,0,0,0,0,0,0
2,0,104,2,1200000,1200000,-0.007778590614516467,600000,600000,0,0,0,0,0,0,0
2,0,104,3,1200000,1200000,-0.0034951460631122977,0,1200000,0,0,0,0,0,0,0
2,0,104,4,1200000,1200000,-0.0014246628180836218,0,1200000,0,0,0,0,0,0,0
2,0.7,101,1,1200000,1177143,-0.01271642684074259,1200000,0,0,0,0,-22857,0,0,-22857
2,0.7,101,2,1200000,1177143,-0.0056052631787463225,600000,600000,0,0,0,-22857,0,0,-22857
2,0.7,101,3,1200000,1177143,-0.002627391975012605,0,1200000,-22857,0,0,0,0,0,0
2,0.7,101,4,1200000,1177143,-0.0012229571382676996,0,1200000,0,0,0,-22857,0,0,-22857
2,0.7,102,1,1200000,1177143,-0.013094629832411941,1200000,0,0,0,0,-22857,0,0,-22857
2,0.7,102,2,1200000,1177143,-0.005771970959936978,600000,600000,0,0,0,-22857,0,0,-22857
2,0.7,102,3,1200000,1177143,-0.002705534012683808,0,1200000,-22857,0,0,0,0,0,0
2,0.7,102,4,1200000,1177143,-0.0012593294662939236,0,1200000,0,0,0,-22857,0,0,-22857
2,0.7,103,1,1200000,1177143,-0.015355725630112116,1200000,0,0,0,0,-22857,0,0,-22857
2,0.7,103,2,1200000,1177143,-0.006768637490338958,600000,600000,-22857,0,0,0,0,0,0
2,0.7,103,3,1200000,1177143,-0.0029692212400752593,0,1200000,0,0,0,-22857,0,0,-22857
2,0.7,103,4,1200000,1177143,-0.0012372251746458618,0,1200000,0,0,0,-22857,0,0,-22857
2,0.7,104,1,1200000,1177143,-0.014198468542950482,1200000,0,0,0,0,-22857,0,0,-22857
2,0.7,104,2,1200000,1177143,-0.006258531104303744,600000,600000,-22857,0,0,0,0,0,0
2,0.7,104,3,1200000,1177143,-0.0027454511359330525,0,1200000,0,0,0,-22857,0,0,-22857
2,0.7,104,4,1200000,1177143,-0.0011439838888700482,0,1200000,0,0,0,-22857,0,0,-22857
