sessions,classical_load,repetition,core_initialization_seconds,participant_startup_seconds,federation_seconds,participant_finish_seconds,simulation_seconds,offline_validation_seconds,simulation_seconds_per_transaction,federation_seconds_per_transaction,background_packets,classical_trace_rows,completed_transactions,distinct_boundary_timestamps,final_federation_ns,final_transaction_ns,ipc_rx_bytes,ipc_rx_lines,ipc_tx_bytes,ipc_tx_lines,native_instruction_completions,quantum_deliveries,resource_ready_notifications,resource_wait_total_ns,synchronization_rounds
4,0.7,1,0.03870769706554711,0.08073335094377398,0.2588980430737138,0.0038450349820777774,0.38218412606511265,0.03806598496157676,0.09554603151627816,0.06472451076842844,11,151,4,55,13839154,8479039,12141,229,1593,93,24,6,4,200000,64
32,0.0,9,0.04695305391214788,0.049103024997748435,0.9720088330795988,0.0037832990055903792,1.0718482109950855,0.10195396095514297,0.03349525659359642,0.030375276033737464,0,592,32,162,53125600,53125600,48086,889,7841,424,192,48,32,200000,227
32,0.7,8,0.02400915406178683,0.03533600701484829,1.088774346979335,0.003973377984948456,1.1520928860409185,0.13706576300319284,0.036002902688778704,0.03402419834310422,68,1068,32,366,80936305,53210473,88107,1569,11298,628,192,48,32,200000,431
8,0.0,8,0.006415568990632892,0.03138658101670444,0.17688499891664833,0.003725392045453191,0.21841254096943885,0.027720454963855445,0.027301567621179856,0.02211062486458104,0,148,8,42,14725600,14725600,11677,229,1984,112,48,12,8,200000,59
1,0.7,6,0.003378757042810321,0.03364446200430393,0.039245140040293336,0.0036277009639889,0.07989606005139649,0.0036863069981336594,0.07989606005139649,0.039245140040293336,5,54,1,22,6776296,3832867,4392,87,611,36,6,2,1,200000,25
4,0.0,2,0.005140886991284788,0.032848994014784694,0.09067555202636868,0.003757246071472764,0.13242267910391092,0.01022913190536201,0.03310566977597773,0.02266888800659217,0,74,4,22,8325600,8325600,5819,119,1049,60,24,6,4,200000,31
32,0.0,1,0.021931424969807267,0.03415980702266097,0.7567592259729281,0.009522398933768272,0.8223728568991646,0.13504086702596396,0.025699151778098894,0.023648725811654003,0,592,32,162,53125600,53125600,48086,889,7841,424,192,48,32,200000,227
1,0.0,9,0.0034340840065851808,0.041724345996044576,0.028512199060060084,0.0033029939513653517,0.07697362301405519,0.002873506979085505,0.07697362301405519,0.028512199060060084,0,19,1,7,3588000,3588000,1580,37,369,21,6,2,1,200000,10
4,0.0,3,0.005091501050628722,0.030736473039723933,0.10465905396267772,0.003910101018846035,0.1443971290718764,0.010418926016427577,0.0360992822679691,0.02616476349066943,0,74,4,22,8325600,8325600,5819,119,1049,60,24,6,4,200000,31
8,0.7,6,0.008355074096471071,0.03191694000270218,0.3818433219566941,0.009019398014061153,0.4311347340699285,0.07172502402681857,0.053891841758741066,0.047730415244586766,19,281,8,99,23256298,15541897,22750,419,2934,169,48,12,8,200000,116
16,0.7,9,0.020054497057572007,0.06849467195570469,0.9339638339588419,0.019992810091935098,1.0425058130640537,0.18094518093857914,0.06515661331650335,0.058372739622427616,35,541,16,187,42090586,27525600,44255,799,5688,321,96,24,16,200000,220
1,0.7,7,0.0032045020489022136,0.05422390601597726,0.03919802198652178,0.003740455023944378,0.10036688507534564,0.003829380962997675,0.10036688507534564,0.03919802198652178,5,54,1,22,6776296,3832867,4392,87,611,36,6,2,1,200000,25
64,0.0,7,0.041523008956573904,0.03719553607515991,2.133268805919215,0.003942040028050542,2.2159293909789994,0.2608333099633455,0.034623896734046866,0.033332325092487736,0,1184,64,322,104325600,104325600,97153,1769,15721,840,384,96,64,200000,451
1,0.0,2,0.0033988089999184012,0.03616452298592776,0.056732193916104734,0.003845560015179217,0.10014108591713011,0.0036472700303420424,0.10014108591713011,0.056732193916104734,0,19,1,7,3588000,3588000,1580,37,369,21,6,2,1,200000,10
4,0.7,8,0.021922106971032917,0.10617801395710558,0.21105108503252268,0.003748551942408085,0.34289975790306926,0.03777797508519143,0.08572493947576731,0.05276277125813067,11,151,4,55,13839154,8479039,12141,229,1593,93,24,6,4,200000,64
64,0.7,4,0.07520458404906094,0.08774113294202834,3.427529777982272,0.008134420029819012,3.5986099150031805,0.3543736529536545,0.056228279921924695,0.053555152780973,133,2115,64,721,157450600,105004765,177616,3099,22639,1239,384,96,64,200000,850
1,0.7,9,0.004046111949719489,0.0446105960290879,0.0770983409602195,0.004665935062803328,0.13042098400183022,0.010615609935484827,0.13042098400183022,0.0770983409602195,5,54,1,22,6776296,3832867,4392,87,611,36,6,2,1,200000,25
8,0.7,5,0.007019990938715637,0.08681180595885962,0.794705986045301,0.008546415017917752,0.897084197960794,0.08237446600105613,0.11213552474509925,0.09933824825566262,19,281,8,99,23256298,15541897,22750,419,2934,169,48,12,8,200000,116
8,0.7,8,0.03495120594743639,0.032495514024049044,0.4476917120628059,0.003523773979395628,0.518662206013687,0.022208194946870208,0.06483277575171087,0.055961464007850736,19,281,8,99,23256298,15541897,22750,419,2934,169,48,12,8,200000,116
16,0.0,5,0.012994432938285172,0.03815061505883932,0.38336749002337456,0.003653300926089287,0.43816583894658834,0.04777119099162519,0.02738536493416177,0.02396046812646091,0,296,16,82,27525600,27525600,23763,449,3921,216,96,24,16,200000,115
8,0.0,3,0.007060676929540932,0.0348269670503214,0.2018735749879852,0.003766056033782661,0.2475272750016302,0.02095166000071913,0.030940909375203773,0.02523419687349815,0,148,8,42,14725600,14725600,11677,229,1984,112,48,12,8,200000,59
32,0.0,5,0.251635481021367,0.042296166997402906,0.745831249980256,0.00377393898088485,1.0435368369799107,0.1251795890275389,0.03261052615562221,0.023307226561883,0,592,32,162,53125600,53125600,48086,889,7841,424,192,48,32,200000,227
1,0.7,1,0.00921508192550391,0.04491316806524992,0.09508876199834049,0.01836776698473841,0.16758477897383273,0.005264210980385542,0.16758477897383273,0.09508876199834049,5,54,1,22,6776296,3832867,4392,87,611,36,6,2,1,200000,25
4,0.0,5,0.006296891951933503,0.0527420740108937,0.21279632195364684,0.0037655740743502975,0.27560086199082434,0.012677408987656236,0.06890021549770609,0.05319908048841171,0,74,4,22,8325600,8325600,5819,119,1049,60,24,6,4,200000,31
8,0.0,0,0.008284749928861856,0.06671532103791833,0.215312517946586,0.0036361580714583397,0.29394874698482454,0.02036134898662567,0.03674359337310307,0.02691406474332325,0,148,8,42,14725600,14725600,11677,229,1984,112,48,12,8,200000,59
64,0.7,9,0.043381983996368945,0.03638979094102979,2.4200654120650142,0.0037563079968094826,2.5035934949992225,0.38387353904545307,0.03911864835936285,0.03781352206351585,133,2115,64,721,157450600,105004765,177616,3099,22639,1239,384,96,64,200000,850
32,0.0,7,0.022727391915395856,0.036805305047892034,0.8060083569725975,0.004333337070420384,0.8698743910063058,0.11319372896105051,0.027183574718947057,0.025187761155393673,0,592,32,162,53125600,53125600,48086,889,7841,424,192,48,32,200000,227
16,0.0,9,0.013458297005854547,0.04205133893992752,0.39813238999340683,0.0041511430172249675,0.45779316895641387,0.048506190069019794,0.028612073059775867,0.024883274374587927,0,296,16,82,27525600,27525600,23763,449,3921,216,96,24,16,200000,115
1,0.0,3,0.0029773220885545015,0.04266943095717579,0.03366160695441067,0.003544375067576766,0.08285273506771773,0.002640535938553512,0.08285273506771773,0.03366160695441067,0,19,1,7,3588000,3588000,1580,37,369,21,6,2,1,200000,10
64,0.0,0,0.14014241902623326,0.1316760410554707,2.3190548699349165,0.003995327046141028,2.5948686570627615,0.2558914569672197,0.04054482276660565,0.03623523234273307,0,1184,64,322,104325600,104325600,97153,1769,15721,840,384,96,64,200000,451
4,0.0,4,0.005444524926133454,0.03744706802535802,0.09193247300572693,0.004267596988938749,0.13909166294615716,0.009966286015696824,0.03477291573653929,0.022983118251431733,0,74,4,22,8325600,8325600,5819,119,1049,60,24,6,4,200000,31
8,0.7,1,0.00830660795327276,0.037875780020840466,0.6002571689896286,0.008794305962510407,0.6552338629262522,0.027898652013391256,0.08190423286578152,0.07503214612370357,19,281,8,99,23256298,15541897,22750,419,2934,169,48,12,8,200000,116
1,0.7,8,0.004798683919943869,0.08786846802104264,0.09505229000933468,0.003856937983073294,0.1915763799333945,0.005883875070139766,0.1915763799333945,0.09505229000933468,5,54,1,22,6776296,3832867,4392,87,611,36,6,2,1,200000,25
64,0.0,4,0.13972658291459084,0.05050911905709654,1.8694892519852147,0.0037760429549962282,2.0635009969118983,0.2444513530936092,0.03224220307674841,0.02921076956226898,0,1184,64,322,104325600,104325600,97153,1769,15721,840,384,96,64,200000,451
16,0.7,6,0.020222565974108875,0.04083658894523978,0.5114003480412066,0.003648785059340298,0.5761082880198956,0.062867306987755,0.03600676800124347,0.03196252175257541,35,541,16,187,42090586,27525600,44255,799,5688,321,96,24,16,200000,220
4,0.7,2,0.004416792071424425,0.038657358032651246,0.13529523892793804,0.003980149049311876,0.1823495380813256,0.012765530962496996,0.0455873845203314,0.03382380973198451,11,151,4,55,13839154,8479039,12141,229,1593,93,24,6,4,200000,64
16,0.7,5,0.014156133984215558,0.045329643064178526,0.5114406369393691,0.004015224985778332,0.5749416389735416,0.15747295296750963,0.03593385243584635,0.03196503980871057,35,541,16,187,42090586,27525600,44255,799,5688,321,96,24,16,200000,220
4,0.0,6,0.00711724697612226,0.09654381009750068,0.1600160519592464,0.003655476961284876,0.2673325859941542,0.01083497900981456,0.06683314649853855,0.0400040129898116,0,74,4,22,8325600,8325600,5819,119,1049,60,24,6,4,200000,31
8,0.0,5,0.006086128065362573,0.04152278893161565,0.17486581101547927,0.0037030020030215383,0.22617773001547903,0.0205252249725163,0.02827221625193488,0.02185822637693491,0,148,8,42,14725600,14725600,11677,229,1984,112,48,12,8,200000,59
16,0.7,1,0.012642230023629963,0.04741380794439465,0.5525307230418548,0.0038329630624502897,0.6164197240723297,0.05696033500134945,0.038526232754520606,0.034533170190115925,35,541,16,187,42090586,27525600,44255,799,5688,321,96,24,16,200000,220
1,0.0,1,0.003952529979869723,0.050655805971473455,0.026833196985535324,0.003533052047714591,0.0849745849845931,0.0033679769840091467,0.0849745849845931,0.026833196985535324,0,19,1,7,3588000,3588000,1580,37,369,21,6,2,1,200000,10
32,0.0,6,0.024385601980611682,0.040877428953535855,0.7837382960133255,0.008324695052579045,0.857326022000052,0.14871392701752484,0.026791438187501626,0.02449182175041642,0,592,32,162,53125600,53125600,48086,889,7841,424,192,48,32,200000,227
8,0.7,9,0.010040463996119797,0.04597675695549697,0.3953279710840434,0.004829443991184235,0.4561746360268444,0.06395882391370833,0.05702182950335555,0.04941599638550542,19,281,8,99,23256298,15541897,22750,419,2934,169,48,12,8,200000,116
16,0.7,7,0.0141477279830724,0.05551241501234472,0.9402408649912104,0.003583337995223701,1.0134843459818512,0.05906827200669795,0.0633427716238657,0.05876505406195065,35,541,16,187,42090586,27525600,44255,799,5688,321,96,24,16,200000,220
16,0.7,8,0.012501028017140925,0.041998032014817,0.5886123139644042,0.0036903449799865484,0.6468017189763486,0.08997199404984713,0.04042510743602179,0.03678826962277526,35,541,16,187,42090586,27525600,44255,799,5688,321,96,24,16,200000,220
8,0.7,7,0.012037468957714736,0.04608103504870087,0.2752386840293184,0.003658700967207551,0.33701588900294155,0.028321809018962085,0.042126986125367694,0.0344048355036648,19,281,8,99,23256298,15541897,22750,419,2934,169,48,12,8,200000,116
8,0.0,1,0.008830160950310528,0.04638317902572453,0.1965545640559867,0.0035081530222669244,0.2552760570542887,0.02035874198190868,0.031909507131786086,0.024569320506998338,0,148,8,42,14725600,14725600,11677,229,1984,112,48,12,8,200000,59
32,0.0,3,0.022663173964247108,0.04215225705411285,0.8964077379787341,0.010477090952917933,0.971700259950012,0.3221569610759616,0.030365633123437874,0.02801274181183544,0,592,32,162,53125600,53125600,48086,889,7841,424,192,48,32,200000,227
1,0.0,6,0.0038155479123815894,0.039937869063578546,0.028344920952804387,0.003535995027050376,0.0756343329558149,0.0035908870631828904,0.0756343329558149,0.028344920952804387,0,19,1,7,3588000,3588000,1580,37,369,21,6,2,1,200000,10
4,0.7,6,0.005206109955906868,0.044509773957543075,0.13104202400427312,0.0036512730875983834,0.18440918100532144,0.011564674903638661,0.04610229525133036,0.03276050600106828,11,151,4,55,13839154,8479039,12141,229,1593,93,24,6,4,200000,64
64,0.7,2,0.04782876092940569,0.07314689503982663,2.389900536974892,0.0039857609663158655,2.51486195391044,0.38857948302756995,0.03929471802985063,0.03734219589023269,133,2115,64,721,157450600,105004765,177616,3099,22639,1239,384,96,64,200000,850
64,0.7,7,0.07306362106464803,0.048145845998078585,2.268081882968545,0.006072903983294964,2.3953642540145665,0.3522689660312608,0.0374275664689776,0.035438779421383515,133,2115,64,721,157450600,105004765,177616,3099,22639,1239,384,96,64,200000,850
64,0.0,2,0.06494069495238364,0.10486849199514836,2.6901009250432253,0.0038959470111876726,2.863806059001945,0.3229373579379171,0.04474696967190539,0.042032826953800395,0,1184,64,322,104325600,104325600,97153,1769,15721,840,384,96,64,200000,451
4,0.0,0,0.005914901965297759,0.0411600680090487,0.08637703605927527,0.0038313160184770823,0.1372833220520988,0.013365746941417456,0.0343208305130247,0.021594259014818817,0,74,4,22,8325600,8325600,5819,119,1049,60,24,6,4,200000,31
32,0.7,4,0.023757069022394717,0.040918403887189925,0.9302677341038361,0.0036696939496323466,0.9986129009630531,0.13222665200009942,0.03120665315509541,0.02907086669074488,68,1068,32,366,80936305,53210473,88107,1569,11298,628,192,48,32,200000,431
64,0.7,5,0.04591107298620045,0.045978731010109186,2.652342419954948,0.007964168093167245,2.752196392044425,0.433588505955413,0.04300306862569414,0.041442850311796064,133,2115,64,721,157450600,105004765,177616,3099,22639,1239,384,96,64,200000,850
16,0.0,7,0.010677432990632951,0.04160593403503299,0.7937627679202706,0.0035707560600712895,0.8496168910060078,0.04259859200101346,0.05310105568787549,0.04961017299501691,0,296,16,82,27525600,27525600,23763,449,3921,216,96,24,16,200000,115
1,0.7,4,0.0029302360489964485,0.08655365696176887,0.13620289997197688,0.020997915067709982,0.24668470805045217,0.006744743906892836,0.24668470805045217,0.13620289997197688,5,54,1,22,6776296,3832867,4392,87,611,36,6,2,1,200000,25
16,0.0,4,0.009511767071671784,0.04642266989685595,0.7818040220299736,0.008609740994870663,0.846348199993372,0.11372087500058115,0.05289676249958575,0.04886275137687335,0,296,16,82,27525600,27525600,23763,449,3921,216,96,24,16,200000,115
4,0.7,4,0.005935323075391352,0.15912553190719336,0.3089084590319544,0.0038622230058535933,0.4778315370203927,0.014383987057954073,0.11945788425509818,0.0772271147579886,11,151,4,55,13839154,8479039,12141,229,1593,93,24,6,4,200000,64
1,0.0,7,0.0030367389554157853,0.0634809760376811,0.03802390000782907,0.003758884035050869,0.10830049903597683,0.006436785915866494,0.10830049903597683,0.03802390000782907,0,19,1,7,3588000,3588000,1580,37,369,21,6,2,1,200000,10
16,0.0,2,0.04148006904870272,0.04309338191524148,0.40362485602963716,0.003729693009518087,0.49192800000309944,0.048556854017078876,0.030745500000193715,0.025226553501852322,0,296,16,82,27525600,27525600,23763,449,3921,216,96,24,16,200000,115
64,0.0,6,0.04860942088998854,0.049540211097337306,2.34708227601368,0.003968582954257727,2.4492004909552634,0.5941000890452415,0.03826875767117599,0.03667316056271375,0,1184,64,322,104325600,104325600,97153,1769,15721,840,384,96,64,200000,451
4,0.7,7,0.004241619957610965,0.04220126802101731,0.2262731989612803,0.005213116062805057,0.2779292030027136,0.012331772944889963,0.0694823007506784,0.05656829974032007,11,151,4,55,13839154,8479039,12141,229,1593,93,24,6,4,200000,64
32,0.7,0,0.024407599004916847,0.07656919897999614,1.1828402790706605,0.0037067229859530926,1.2875238000415266,0.12382293201517314,0.040235118751297705,0.03696375872095814,68,1068,32,366,80936305,53210473,88107,1569,11298,628,192,48,32,200000,431
4,0.7,0,0.005745246075093746,0.04175544192548841,0.1312263720901683,0.0038593359058722854,0.18258639599662274,0.014123497996479273,0.045646598999155685,0.032806593022542074,11,151,4,55,13839154,8479039,12141,229,1593,93,24,6,4,200000,64
64,0.0,3,0.045433213002979755,0.04821175104007125,2.142155117006041,0.0037956100422888994,2.239595691091381,0.2471795529127121,0.03499368267330283,0.03347117370321939,0,1184,64,322,104325600,104325600,97153,1769,15721,840,384,96,64,200000,451
16,0.7,4,0.012755085015669465,0.047001142986118793,0.4685363199096173,0.0038840860361233354,0.5321766339475289,0.06328352296259254,0.033261039621720556,0.02928351999435108,35,541,16,187,42090586,27525600,44255,799,5688,321,96,24,16,200000,220
64,0.7,3,0.046474345959722996,0.04720458202064037,1.906662440043874,0.0036463659489527345,2.00398773397319,0.3705606000730768,0.0313123083433311,0.029791600625685533,133,2115,64,721,157450600,105004765,177616,3099,22639,1239,384,96,64,200000,850
32,0.7,3,0.024203170090913773,0.06034164293669164,1.0846688749734312,0.00818352005444467,1.1773972080554813,0.13054890395142138,0.03679366275173379,0.033895902342919726,68,1068,32,366,80936305,53210473,88107,1569,11298,628,192,48,32,200000,431
32,0.0,8,0.020961618050932884,0.046246352954767644,0.7233777419896796,0.0036646820371970534,0.7942503950325772,0.10681166395079345,0.024820324844768038,0.02260555443717749,0,592,32,162,53125600,53125600,48086,889,7841,424,192,48,32,200000,227
16,0.0,8,0.010654167970642447,0.04563601210247725,0.39673280296847224,0.003667893004603684,0.4566908760461956,0.043254290940240026,0.028543179752887227,0.024795800185529515,0,296,16,82,27525600,27525600,23763,449,3921,216,96,24,16,200000,115
8,0.0,7,0.006994482013396919,0.042987530934624374,0.19520509405992925,0.0036350119626149535,0.2488221189705655,0.021764890989288688,0.031102764871320687,0.024400636757491156,0,148,8,42,14725600,14725600,11677,229,1984,112,48,12,8,200000,59
4,0.0,7,0.0045959759736433625,0.0441905070329085,0.08971868094522506,0.003586317994631827,0.14209148194640875,0.011108026024885476,0.03552287048660219,0.022429670236306265,0,74,4,22,8325600,8325600,5819,119,1049,60,24,6,4,200000,31
1,0.7,2,0.0030941220466047525,0.044544558972120285,0.04912688699550927,0.00363365700468421,0.10039922501891851,0.005922929034568369,0.10039922501891851,0.04912688699550927,5,54,1,22,6776296,3832867,4392,87,611,36,6,2,1,200000,25
8,0.0,4,0.011517532053403556,0.04517927789129317,0.188866256037727,0.0036336099728941917,0.24919667595531791,0.02265649102628231,0.03114958449441474,0.023608282004715875,0,148,8,42,14725600,14725600,11677,229,1984,112,48,12,8,200000,59
32,0.7,5,0.0243575400672853,0.048327780910767615,0.9863332940731198,0.0038164110155776143,1.0628350260667503,0.24455285689327866,0.033213594564585947,0.030822915439784992,68,1068,32,366,80936305,53210473,88107,1569,11298,628,192,48,32,200000,431
32,0.7,9,0.022607937920838594,0.05203600705135614,1.0574097729986534,0.004097808967344463,1.1361515269381925,0.15178423596080393,0.03550473521681852,0.03304405540620792,68,1068,32,366,80936305,53210473,88107,1569,11298,628,192,48,32,200000,431
64,0.7,6,0.041303703910671175,0.04878940910566598,1.9387468709610403,0.0038315729470923543,2.0326715569244698,0.32388037408236414,0.03176049307694484,0.030292919858766254,133,2115,64,721,157450600,105004765,177616,3099,22639,1239,384,96,64,200000,850
1,0.0,5,0.003230860107578337,0.04760992794763297,0.02558604395017028,0.0034839300205931067,0.07991076202597469,0.002453794004395604,0.07991076202597469,0.02558604395017028,0,19,1,7,3588000,3588000,1580,37,369,21,6,2,1,200000,10
64,0.0,5,0.04190876102074981,0.053453936940059066,1.9635042700683698,0.004231947008520365,2.063098915037699,0.4552688809344545,0.03223592054746405,0.030679754219818278,0,1184,64,322,104325600,104325600,97153,1769,15721,840,384,96,64,200000,451
16,0.0,1,0.012917274027131498,0.047988060978241265,1.2794552920386195,0.0036849069874733686,1.3440455340314656,0.04407079494558275,0.0840028458769666,0.07996595575241372,0,296,16,82,27525600,27525600,23763,449,3921,216,96,24,16,200000,115
8,0.0,6,0.0068983049131929874,0.0470857199979946,0.18484289303887635,0.0040129979606717825,0.24283991591073573,0.028753029997460544,0.030354989488841966,0.023105361629859544,0,148,8,42,14725600,14725600,11677,229,1984,112,48,12,8,200000,59
8,0.7,0,0.0076377770164981484,0.052359148976393044,0.2558352129999548,0.003568971063941717,0.31940111005678773,0.024083712021820247,0.039925138757098466,0.03197940162499435,19,281,8,99,23256298,15541897,22750,419,2934,169,48,12,8,200000,116
4,0.7,9,0.006476302049122751,0.05402632593177259,0.12810685904696584,0.0036676599411293864,0.19227714696899056,0.014133398071862757,0.04806928674224764,0.03202671476174146,11,151,4,55,13839154,8479039,12141,229,1593,93,24,6,4,200000,64
4,0.0,8,0.00459887704346329,0.04573698597960174,0.10457190102897584,0.0036720390198752284,0.1585798030719161,0.01382892590481788,0.039644950767979026,0.02614297525724396,0,74,4,22,8325600,8325600,5819,119,1049,60,24,6,4,200000,31
32,0.7,1,0.028198226005770266,0.050197247066535056,1.0383194169262424,0.007946418016217649,1.1246613080147654,0.14150455000344664,0.03514566587546142,0.032447481778945075,68,1068,32,366,80936305,53210473,88107,1569,11298,628,192,48,32,200000,431
16,0.0,0,0.012429147027432919,0.12861669098492712,0.9571952460100874,0.003797698998823762,1.1020387830212712,0.11255911597982049,0.06887742393882945,0.059824702875630464,0,296,16,82,27525600,27525600,23763,449,3921,216,96,24,16,200000,115
64,0.7,0,0.048878639936447144,0.05426496302243322,3.1272837839787826,0.004303649067878723,3.2347310360055417,0.3585848310030997,0.05054267243758659,0.04886380912466848,133,2115,64,721,157450600,105004765,177616,3099,22639,1239,384,96,64,200000,850
4,0.0,9,0.00827194401063025,0.0679860709933564,0.16562473203521222,0.003710528020747006,0.24559327505994588,0.02070715802256018,0.06139831876498647,0.041406183008803055,0,74,4,22,8325600,8325600,5819,119,1049,60,24,6,4,200000,31
16,0.0,3,0.021974021918140352,0.06500931305345148,0.4705634079873562,0.0036326450062915683,0.5611793879652396,0.05758983304258436,0.035073711747827474,0.02941021299920976,0,296,16,82,27525600,27525600,23763,449,3921,216,96,24,16,200000,115
4,0.7,3,0.0054850170854479074,0.0509369489736855,0.13128425693139434,0.0035775690339505672,0.19128379202447832,0.013131314073689282,0.04782094800611958,0.032821064232848585,11,151,4,55,13839154,8479039,12141,229,1593,93,24,6,4,200000,64
1,0.7,5,0.003403038950636983,0.058644833974540234,0.05027243809308857,0.008436160976998508,0.12075647199526429,0.0048841070383787155,0.12075647199526429,0.05027243809308857,5,54,1,22,6776296,3832867,4392,87,611,36,6,2,1,200000,25
32,0.7,6,0.03989933000411838,0.06304637505672872,1.649407058954239,0.003790160990320146,1.7561429250054061,0.14690083207096905,0.05487946640641894,0.051543970592319965,68,1068,32,366,80936305,53210473,88107,1569,11298,628,192,48,32,200000,431
4,0.0,1,0.006134758936241269,0.052523389109410346,0.09411134000401944,0.0050036689499393106,0.15777315699961036,0.009720735950395465,0.03944328924990259,0.02352783500100486,0,74,4,22,8325600,8325600,5819,119,1049,60,24,6,4,200000,31
1,0.0,8,0.003606021055020392,0.05310111097060144,0.030877995071932673,0.004221635987050831,0.09180676308460534,0.00402479397598654,0.09180676308460534,0.030877995071932673,0,19,1,7,3588000,3588000,1580,37,369,21,6,2,1,200000,10
32,0.0,0,0.03088393690995872,0.05560602806508541,0.7331673220032826,0.003733292920514941,0.8233905798988417,0.10105442104395479,0.025730955621838802,0.02291147881260258,0,592,32,162,53125600,53125600,48086,889,7841,424,192,48,32,200000,227
32,0.0,4,0.021547506912611425,0.0527806649915874,0.8766674280632287,0.003903709934093058,0.9548993099015206,0.09933283808641136,0.02984060343442252,0.027395857126975898,0,592,32,162,53125600,53125600,48086,889,7841,424,192,48,32,200000,227
16,0.7,0,0.010579601977951825,0.049098236951977015,0.47795403108466417,0.003706701914779842,0.5413385719293728,0.05665604106616229,0.0338336607455858,0.02987212694279151,35,541,16,187,42090586,27525600,44255,799,5688,321,96,24,16,200000,220
8,0.0,9,0.006711032008752227,0.05850071494933218,0.22784242406487465,0.00809384393505752,0.3011480149580166,0.02281744300853461,0.03764350186975207,0.02848030300810933,0,148,8,42,14725600,14725600,11677,229,1984,112,48,12,8,200000,59
1,0.0,0,0.0031377499690279365,0.057126999949105084,0.02674173004925251,0.0037794660311192274,0.09078594599850476,0.0032950539607554674,0.09078594599850476,0.02674173004925251,0,19,1,7,3588000,3588000,1580,37,369,21,6,2,1,200000,10
8,0.7,4,0.007945213001221418,0.048085984075441957,0.2323232589988038,0.003812917973846197,0.29216737404931337,0.02589283895213157,0.03652092175616417,0.029040407374850474,19,281,8,99,23256298,15541897,22750,419,2934,169,48,12,8,200000,116
1,0.7,0,0.0041340290335938334,0.047026749001815915,0.03871452296152711,0.0038781659677624702,0.09375346696469933,0.003629459999501705,0.09375346696469933,0.03871452296152711,5,54,1,22,6776296,3832867,4392,87,611,36,6,2,1,200000,25
8,0.7,3,0.008824037970043719,0.05193363199941814,0.24355678295250982,0.0035862630465999246,0.3079007159685716,0.026646962040103972,0.03848758949607145,0.030444597869063728,19,281,8,99,23256298,15541897,22750,419,2934,169,48,12,8,200000,116
1,0.0,4,0.003685553092509508,0.04618642898276448,0.02452321897726506,0.0036287859547883272,0.07802398700732738,0.002984863007441163,0.07802398700732738,0.02452321897726506,0,19,1,7,3588000,3588000,1580,37,369,21,6,2,1,200000,10
8,0.0,2,0.006985732004977763,0.053529846016317606,0.1872038390720263,0.0035197539255023003,0.251239171018824,0.02456619602162391,0.031404896377353,0.02340047988400329,0,148,8,42,14725600,14725600,11677,229,1984,112,48,12,8,200000,59
64,0.0,8,0.04476658103521913,0.05051891494076699,1.7225356940180063,0.003746325965039432,1.8215675159590319,0.2585032080532983,0.028461992436859873,0.02691462021903135,0,1184,64,322,104325600,104325600,97153,1769,15721,840,384,96,64,200000,451
1,0.7,3,0.0030199530301615596,0.04775370401330292,0.039480532985180616,0.0035301930038258433,0.09378438303247094,0.003511231974698603,0.09378438303247094,0.039480532985180616,5,54,1,22,6776296,3832867,4392,87,611,36,6,2,1,200000,25
64,0.0,1,0.04682826704811305,0.0638923179358244,1.5737872800091282,0.00812875700648874,1.6926366219995543,0.25921217794530094,0.026447447218743037,0.024590426250142627,0,1184,64,322,104325600,104325600,97153,1769,15721,840,384,96,64,200000,451
64,0.7,8,1.5418831730494276,0.14664305502083153,3.0477200099267066,0.008258037967607379,4.744504275964573,0.32778875110670924,0.07413287931194645,0.04762062515510479,133,2115,64,721,157450600,105004765,177616,3099,22639,1239,384,96,64,200000,850
32,0.7,2,0.023790917941369116,0.06006025604438037,1.6767551699886099,0.00381231599021703,1.7644186599645764,0.13745496701449156,0.05513808312389301,0.05239859906214406,68,1068,32,366,80936305,53210473,88107,1569,11298,628,192,48,32,200000,431
64,0.7,1,0.04522102000191808,0.054621218936517835,2.165907111018896,0.008583039045333862,2.274332389002666,0.32106401096098125,0.035536443578166654,0.03384229860967025,133,2115,64,721,157450600,105004765,177616,3099,22639,1239,384,96,64,200000,850
32,0.7,7,0.023668329929932952,0.054208526969887316,0.9888464329997078,0.003724802052602172,1.0704480919521302,0.12326691998168826,0.03345150287350407,0.030901451031240867,68,1068,32,366,80936305,53210473,88107,1569,11298,628,192,48,32,200000,431
64,0.0,9,0.05553768097888678,0.05883702903520316,1.653931587934494,0.004404339008033276,1.7727106369566172,0.25701342907268554,0.027698603702447144,0.02584268106147647,0,1184,64,322,104325600,104325600,97153,1769,15721,840,384,96,64,200000,451
32,0.0,2,0.0235553290694952,0.05301348399370909,0.9258251630235463,0.003941421979106963,1.0063353980658576,0.10371465899515897,0.03144798118955805,0.028932036344485823,0,592,32,162,53125600,53125600,48086,889,7841,424,192,48,32,200000,227
16,0.7,2,0.011767644085921347,0.059398765908554196,0.5188309010118246,0.0036824099952355027,0.5936797210015357,0.05760662001557648,0.03710498256259598,0.03242693131323904,35,541,16,187,42090586,27525600,44255,799,5688,321,96,24,16,200000,220
4,0.7,5,0.007301418925635517,0.0713812280446291,0.1537102620350197,0.003992380923591554,0.23638528992887586,0.012159018078818917,0.059096322482218966,0.038427565508754924,11,151,4,55,13839154,8479039,12141,229,1593,93,24,6,4,200000,64
8,0.7,2,0.010121925035491586,0.06440027395728976,0.3213483310537413,0.004132139962166548,0.40000267000868917,0.07578436098992825,0.050000333751086146,0.04016854138171766,19,281,8,99,23256298,15541897,22750,419,2934,169,48,12,8,200000,116
16,0.0,6,0.013108029961585999,0.05276980099733919,0.366359364008531,0.0036818620283156633,0.4359190569957718,0.05290177196729928,0.02724494106223574,0.022897460250533186,0,296,16,82,27525600,27525600,23763,449,3921,216,96,24,16,200000,115
16,0.7,3,0.016009466955438256,0.06404562504030764,0.6331100639654323,0.0036663260543718934,0.7168314820155501,0.11409812700003386,0.044801967625971884,0.03956937899783952,35,541,16,187,42090586,27525600,44255,799,5688,321,96,24,16,200000,220
