sessions,classical_load,repetition,core_initialization_seconds,participant_startup_seconds,federation_seconds,participant_finish_seconds,simulation_seconds,offline_validation_seconds,simulation_seconds_per_transaction,federation_seconds_per_transaction,background_packets,classical_trace_rows,completed_transactions,distinct_boundary_timestamps,final_federation_ns,final_transaction_ns,ipc_rx_bytes,ipc_rx_lines,ipc_tx_bytes,ipc_tx_lines,native_instruction_completions,synchronization_rounds
4,0.7,1,0.01450650196056813,0.033400904037989676,0.13570888503454626,0.004083437961526215,0.18769972899463028,0.00704237399622798,0.04692493224865757,0.033927221258636564,10,138,4,50,12662011,8479039,11057,210,1419,83,24,59
32,0.0,9,0.04214525199495256,0.03577737102750689,0.7853823179611936,0.0038807670352980494,0.8671857080189511,0.059432176989503205,0.027099553375592222,0.0245431974362873,0,544,32,146,52925600,52925600,44625,838,7200,389,192,225
32,0.7,8,0.0789684799965471,0.05861935100983828,1.1399663949850947,0.003832810092717409,1.2813870360841975,0.07306293200235814,0.04004334487763117,0.03562394984328421,68,1020,32,350,80936305,53210473,84551,1518,10661,593,192,429
8,0.0,8,0.010888578020967543,0.03785669291391969,0.21152283006813377,0.003770762006752193,0.2640388630097732,0.020092695020139217,0.03300485787622165,0.02644035375851672,0,136,8,38,14525600,14525600,10772,214,1796,101,48,57
1,0.7,6,0.002767588011920452,0.029755183961242437,0.03462269599549472,0.0035951570607721806,0.0707406250294298,0.002091450965963304,0.0707406250294298,0.03462269599549472,4,45,1,18,5599153,3832867,3615,72,490,29,6,20
4,0.0,2,0.006303172092884779,0.03819742891937494,0.09829496406018734,0.004076024983078241,0.1468715900555253,0.008073478005826473,0.036717897513881326,0.024573741015046835,0,68,4,20,8125600,8125600,5339,110,926,53,24,29
32,0.0,1,0.04210713692009449,0.035971516044810414,0.8976742340018973,0.0037767370231449604,0.9795296239899471,0.06021616095677018,0.030610300749685848,0.02805231981255929,0,544,32,146,52925600,52925600,44625,838,7200,389,192,225
1,0.0,9,0.002495635999366641,0.035597078036516905,0.028425846016034484,0.007856211974285543,0.07437477202620357,0.0021138660376891494,0.07437477202620357,0.028425846016034484,0,17,1,6,3388000,3388000,1369,32,296,17,6,8
4,0.0,3,0.007598746917210519,0.034397409996017814,0.09930948400869966,0.004445907077752054,0.14575154799968004,0.014362033922225237,0.03643788699992001,0.024827371002174914,0,68,4,20,8125600,8125600,5339,110,926,53,24,29
8,0.7,6,0.012448546011000872,0.034076797077432275,0.27157399198040366,0.0036140939919278026,0.3217134290607646,0.014332948019728065,0.040214178632595576,0.03394674899755046,19,269,8,95,23256298,14525600,21842,404,2746,158,48,114
16,0.7,9,0.026248542009852827,0.034591967007145286,0.4791035079397261,0.00369435700122267,0.5436383739579469,0.03135795705020428,0.03397739837237168,0.029943969246232882,35,517,16,179,42090586,27325600,42501,772,5352,302,96,218
1,0.7,7,0.0030065670143812895,0.03651372401509434,0.04452192294411361,0.004190342966467142,0.08823255694005638,0.004982345039024949,0.08823255694005638,0.04452192294411361,4,45,1,18,5599153,3832867,3615,72,490,29,6,20
64,0.0,7,0.12444331799633801,0.039718274027109146,1.821314848959446,0.008494829991832376,1.9939712709747255,0.22646074008662254,0.031155801108980086,0.028458044514991343,0,1088,64,290,104125600,104125600,90121,1670,14496,773,384,449
1,0.0,2,0.0031221930403262377,0.03282470197882503,0.0260484809987247,0.003816192038357258,0.06581156805623323,0.0023890730226412416,0.06581156805623323,0.0260484809987247,0,17,1,6,3388000,3388000,1369,32,296,17,6,8
4,0.7,8,0.009730998077429831,0.03420182492118329,0.11727939208503813,0.004537043976597488,0.16574925906024873,0.008383327978663146,0.04143731476506218,0.02931984802125953,10,138,4,50,12662011,8479039,11057,210,1419,83,24,59
64,0.7,4,0.39815431099850684,0.08276250294875354,3.6131597029743716,0.0037487089866772294,4.097825225908309,0.20669495908077806,0.06402851915481733,0.056455620358974556,133,2019,64,689,157450600,104125600,170573,3000,21417,1172,384,848
1,0.7,9,0.003574026981368661,0.0359919200418517,0.035692623001523316,0.003666516044177115,0.07892508606892079,0.0021099320147186518,0.07892508606892079,0.035692623001523316,4,45,1,18,5599153,3832867,3615,72,490,29,6,20
8,0.7,5,0.013001521001569927,0.03857731993775815,0.25906627997756004,0.003746009082533419,0.31439112999942154,0.015859694918617606,0.03929889124992769,0.032383284997195005,19,269,8,95,23256298,14525600,21842,404,2746,158,48,114
8,0.7,8,0.013397138915024698,0.03438410407397896,0.346018634038046,0.0038694299291819334,0.3976693069562316,0.017733989981934428,0.04970866336952895,0.04325232925475575,19,269,8,95,23256298,14525600,21842,404,2746,158,48,114
16,0.0,5,0.02687529893592,0.04120936000254005,0.37215739500243217,0.0037164780078455806,0.4439585319487378,0.03455334005411714,0.027747408246796113,0.02325983718765201,0,272,16,74,27325600,27325600,22014,422,3585,197,96,113
8,0.0,3,0.01447007607202977,0.10742204496636987,0.5084472689777613,0.004095937008969486,0.6344353270251304,0.012115804012864828,0.0793044158781413,0.06355590862222016,0,136,8,38,14525600,14525600,10772,214,1796,101,48,57
32,0.0,5,0.12176949309650809,0.06115111289545894,1.4717271330300719,0.008166701067239046,1.662814440089278,0.1561150859342888,0.051962951252789935,0.045991472907189745,0,544,32,146,52925600,52925600,44625,838,7200,389,192,225
1,0.7,1,0.007361087016761303,0.0931404649745673,0.15650736796669662,0.003606584039516747,0.26061550399754196,0.002235880005173385,0.26061550399754196,0.15650736796669662,4,45,1,18,5599153,3832867,3615,72,490,29,6,20
4,0.0,5,0.053098103031516075,0.08719223900698125,0.10973703500349075,0.00508002401329577,0.25510740105528384,0.005783529952168465,0.06377685026382096,0.027434258750872687,0,68,4,20,8125600,8125600,5339,110,926,53,24,29
8,0.0,0,0.019314398989081383,0.05919431603979319,0.21478764002677053,0.0036510119680315256,0.29694736702367663,0.011287990026175976,0.03711842087795958,0.026848455003346317,0,136,8,38,14525600,14525600,10772,214,1796,101,48,57
64,0.7,9,0.25826236908324063,0.09802881092764437,3.682631422067061,0.007932500913739204,4.046855102991685,0.1941512640332803,0.06323211098424508,0.05754111596979783,133,2019,64,689,157450600,104125600,170573,3000,21417,1172,384,848
32,0.0,7,0.05252792593091726,0.042041760054416955,0.7482923140050843,0.00784618896432221,0.8507081889547408,0.06974390998948365,0.02658463090483565,0.023384134812658885,0,544,32,146,52925600,52925600,44625,838,7200,389,192,225
16,0.0,9,0.06304200203157961,0.046212077024392784,0.9258794909110293,0.00790641107596457,1.0430399810429662,0.035866217920556664,0.06518999881518539,0.05786746818193933,0,272,16,74,27325600,27325600,22014,422,3585,197,96,113
1,0.0,3,0.003149567055515945,0.038683748920448124,0.07304918405134231,0.009060060954652727,0.1239425609819591,0.018693583086133003,0.1239425609819591,0.07304918405134231,0,17,1,6,3388000,3388000,1369,32,296,17,6,8
64,0.0,0,0.2444090690696612,0.04926144692581147,1.9657653140602633,0.010494639980606735,2.2699304700363427,0.3921667559770867,0.035467663594317855,0.030715083032191615,0,1088,64,290,104125600,104125600,90121,1670,14496,773,384,449
4,0.0,4,0.006921157008036971,0.07982990599703044,0.10966107295826077,0.008080631028860807,0.204492766992189,0.005799392005428672,0.05112319174804725,0.027415268239565194,0,68,4,20,8125600,8125600,5339,110,926,53,24,29
8,0.7,1,0.011781596927903593,0.04016553703695536,0.26932970504276454,0.0037301519187167287,0.3250069909263402,0.01785454200580716,0.04062587386579253,0.03366621313034557,19,269,8,95,23256298,14525600,21842,404,2746,158,48,114
1,0.7,8,0.037116089020855725,0.041368706966750324,0.044108044006861746,0.008263699943199754,0.13085653993766755,0.002678025048226118,0.13085653993766755,0.044108044006861746,4,45,1,18,5599153,3832867,3615,72,490,29,6,20
64,0.0,4,0.1597088009584695,0.09212531405501068,2.3327930059749633,0.0037814819952473044,2.588408602983691,0.13549836201127619,0.04044388442162017,0.0364498907183588,0,1088,64,290,104125600,104125600,90121,1670,14496,773,384,449
16,0.7,6,0.030669212923385203,0.051502928021363914,0.5494587420253083,0.004317892016842961,0.6359487749869004,0.0320167460013181,0.039746798436681274,0.03434117137658177,35,517,16,179,42090586,27325600,42501,772,5352,302,96,218
4,0.7,2,0.00872927694581449,0.036600724095478654,0.12433746294118464,0.003614910994656384,0.17328237497713417,0.008586699957959354,0.04332059374428354,0.03108436573529616,10,138,4,50,12662011,8479039,11057,210,1419,83,24,59
16,0.7,5,0.02618672396056354,0.04182612197473645,0.5170070070307702,0.008064458030276,0.5930843109963462,0.03972111293114722,0.037067769437271636,0.032312937939423136,35,517,16,179,42090586,27325600,42501,772,5352,302,96,218
4,0.0,6,0.005818875040858984,0.039976852014660835,0.14323818089906126,0.007883050013333559,0.19691695796791464,0.0069090670440346,0.04922923949197866,0.035809545224765316,0,68,4,20,8125600,8125600,5339,110,926,53,24,29
8,0.0,5,0.013086352963000536,0.03805899200960994,0.19649676198605448,0.003640717943198979,0.25128282490186393,0.017614683019928634,0.03141035311273299,0.02456209524825681,0,136,8,38,14525600,14525600,10772,214,1796,101,48,57
16,0.7,1,0.03355813096277416,0.04586229403503239,0.5243195389630273,0.0036206600489094853,0.6073606240097433,0.03491722804028541,0.03796003900060896,0.032769971185189206,35,517,16,179,42090586,27325600,42501,772,5352,302,96,218
1,0.0,1,0.003271662979386747,0.07058632001280785,0.0474970149807632,0.008784707984887064,0.13013970595784485,0.006194559042342007,0.13013970595784485,0.0474970149807632,0,17,1,6,3388000,3388000,1369,32,296,17,6,8
32,0.0,6,0.16486258199438453,0.06282726093195379,1.2250862129731104,0.008024153066799045,1.4608002089662477,0.07511875196360052,0.04565000653019524,0.0382839441554097,0,544,32,146,52925600,52925600,44625,838,7200,389,192,225
8,0.7,9,0.018402079003863037,0.04392158903647214,0.2849472899688408,0.004094440024346113,0.35136539803352207,0.0255279439734295,0.04392067475419026,0.0356184112461051,19,269,8,95,23256298,14525600,21842,404,2746,158,48,114
16,0.7,7,0.02761846291832626,0.042405497981235385,0.6015695660607889,0.0048123650485649705,0.6764058920089155,0.04465912189334631,0.04227536825055722,0.03759809787879931,35,517,16,179,42090586,27325600,42501,772,5352,302,96,218
16,0.7,8,0.030895823962055147,0.04666535498108715,0.609202312072739,0.003876119968481362,0.6906396109843627,0.03347405104432255,0.043164975686522666,0.03807514450454619,35,517,16,179,42090586,27325600,42501,772,5352,302,96,218
8,0.7,7,0.013112794957123697,0.03793728002347052,0.24463904998265207,0.003810357069596648,0.29949948203284293,0.016113996971398592,0.03743743525410537,0.03057988124783151,19,269,8,95,23256298,14525600,21842,404,2746,158,48,114
8,0.0,1,0.013815102982334793,0.04081770603079349,0.2381794200045988,0.005689640995115042,0.2985018700128421,0.0134005609434098,0.037312733751605265,0.02977242750057485,0,136,8,38,14525600,14525600,10772,214,1796,101,48,57
32,0.0,3,0.046254951041191816,0.0509121319046244,1.0605805550003424,0.004154747002758086,1.1619023849489167,0.16187366703525186,0.03630944952965365,0.0331431423437607,0,544,32,146,52925600,52925600,44625,838,7200,389,192,225
1,0.0,6,0.00802873692009598,0.09140509704593569,0.022595443995669484,0.0035565639846026897,0.12558584194630384,0.0017729660030454397,0.12558584194630384,0.022595443995669484,0,17,1,6,3388000,3388000,1369,32,296,17,6,8
4,0.7,6,0.007763104047626257,0.045791122945956886,0.15039170009549707,0.003642436000518501,0.20758836308959872,0.008354670950211585,0.05189709077239968,0.03759792502387427,10,138,4,50,12662011,8479039,11057,210,1419,83,24,59
64,0.7,2,0.10309608303941786,0.05008137389086187,3.494977144058794,0.004514883039519191,3.6526694840285927,0.19997549592517316,0.05707296068794676,0.05460901787591865,133,2019,64,689,157450600,104125600,170573,3000,21417,1172,384,848
64,0.7,7,0.12042650592047721,0.049696722999215126,2.464320691069588,0.004025671980343759,2.638469591969624,0.2782893170369789,0.04122608737452538,0.038505010797962314,133,2019,64,689,157450600,104125600,170573,3000,21417,1172,384,848
64,0.0,2,0.25342320499476045,0.10483497905079275,2.7148392000235617,0.008343975991010666,3.0814413600601256,0.41970565693918616,0.04814752125093946,0.04241936250036815,0,1088,64,290,104125600,104125600,90121,1670,14496,773,384,449
4,0.0,0,0.007331718923524022,0.05195057298988104,0.16782101802527905,0.008125275024212897,0.235228584962897,0.005234361044131219,0.05880714624072425,0.04195525450631976,0,68,4,20,8125600,8125600,5339,110,926,53,24,29
32,0.7,4,0.05388260493054986,0.05217362008988857,1.1436513379449025,0.003805442014709115,1.25351300498005,0.07855041697621346,0.03917228140562656,0.0357391043107782,68,1020,32,350,80936305,53210473,84551,1518,10661,593,192,429
64,0.7,5,0.10267233604099602,0.12401787599083036,2.3023661440238357,0.003802503924816847,2.532858859980479,0.21109033306129277,0.03957591968719498,0.03597447100037243,133,2019,64,689,157450600,104125600,170573,3000,21417,1172,384,848
16,0.0,7,0.022486931062303483,0.08067461103200912,1.130741323926486,0.004007696988992393,1.237910563009791,0.03056153899524361,0.07736941018811194,0.07067133274540538,0,272,16,74,27325600,27325600,22014,422,3585,197,96,113
1,0.7,4,0.005026997998356819,0.057115323026664555,0.04255180701147765,0.0036058080149814487,0.10829993605148047,0.002038172911852598,0.10829993605148047,0.04255180701147765,4,45,1,18,5599153,3832867,3615,72,490,29,6,20
16,0.0,4,0.025605704984627664,0.04693630198016763,0.5054983840091154,0.00391080102417618,0.5819511919980869,0.030842402949929237,0.03637194949988043,0.03159364900056971,0,272,16,74,27325600,27325600,22014,422,3585,197,96,113
4,0.7,4,0.01315279200207442,0.057034105993807316,0.26156784500926733,0.00498418603092432,0.3367389290360734,0.04274319997057319,0.08418473225901835,0.06539196125231683,10,138,4,50,12662011,8479039,11057,210,1419,83,24,59
1,0.0,7,0.02320347703061998,0.10431596694979817,0.07870585704222322,0.008044449961744249,0.2142697509843856,0.0015693909954279661,0.2142697509843856,0.07870585704222322,0,17,1,6,3388000,3388000,1369,32,296,17,6,8
16,0.0,2,0.06954625097569078,0.11542544898111373,0.8372022750554606,0.00801086297724396,1.030184837989509,0.05795263999607414,0.06438655237434432,0.05232514219096629,0,272,16,74,27325600,27325600,22014,422,3585,197,96,113
64,0.0,6,0.16090044798329473,0.08939422701951116,2.6795007899636403,0.004000002983957529,2.9337954679504037,0.14995921100489795,0.04584055418672506,0.04186719984318188,0,1088,64,290,104125600,104125600,90121,1670,14496,773,384,449
4,0.7,7,0.007479856954887509,0.04265137400943786,0.1119127810234204,0.0035330490209162235,0.16557706100866199,0.006397160934284329,0.041394265252165496,0.0279781952558551,10,138,4,50,12662011,8479039,11057,210,1419,83,24,59
32,0.7,0,0.051710096071474254,0.044373872922733426,0.9542248289799318,0.02012325800023973,1.0704320559743792,0.19000362907536328,0.03345100174919935,0.029819525905622868,68,1020,32,350,80936305,53210473,84551,1518,10661,593,192,429
4,0.7,0,0.040397702949121594,0.11188132804818451,0.287394552025944,0.0044527159770950675,0.44412629900034517,0.02504195098299533,0.11103157475008629,0.071848638006486,10,138,4,50,12662011,8479039,11057,210,1419,83,24,59
64,0.0,3,0.09702818293590099,0.0535972350044176,1.9278023460647091,0.004755878006108105,2.083183642011136,0.18226263695396483,0.032549744406424,0.03012191165726108,0,1088,64,290,104125600,104125600,90121,1670,14496,773,384,449
16,0.7,4,0.02433521195780486,0.08095929701812565,0.5692339490633458,0.0042625179048627615,0.6787909759441391,0.13754357304424047,0.04242443599650869,0.03557712181645911,35,517,16,179,42090586,27325600,42501,772,5352,302,96,218
64,0.7,3,0.13381130492780358,0.09866535104811192,3.958487723954022,0.008488825988024473,4.199453205917962,0.2397789810784161,0.06561645634246815,0.06185137068678159,133,2019,64,689,157450600,104125600,170573,3000,21417,1172,384,848
32,0.7,3,0.08195138699375093,0.07837565802037716,1.884958790964447,0.010016098036430776,2.055301934015006,0.1804435020312667,0.06422818543796893,0.05890496221763897,68,1020,32,350,80936305,53210473,84551,1518,10661,593,192,429
32,0.0,8,1.0094775940524414,0.04770352994091809,0.922403414035216,0.004149734973907471,1.983734273002483,0.06871966796461493,0.06199169603132759,0.0288251066886005,0,544,32,146,52925600,52925600,44625,838,7200,389,192,225
16,0.0,8,0.057257932028733194,0.10537859494797885,0.5980542319593951,0.02041809807997197,0.7811088570160791,0.03318853594828397,0.048819303563504945,0.037378389497462194,0,272,16,74,27325600,27325600,22014,422,3585,197,96,113
8,0.0,7,0.01165676605887711,0.0758924859110266,0.31638659501913935,0.003601983073167503,0.40753783006221056,0.01483897096477449,0.05094222875777632,0.03954832437739242,0,136,8,38,14525600,14525600,10772,214,1796,101,48,57
4,0.0,7,0.005878046969883144,0.044951175106689334,0.13026131899096072,0.017529726959764957,0.19862026802729815,0.02591047005262226,0.04965506700682454,0.03256532974774018,0,68,4,20,8125600,8125600,5339,110,926,53,24,29
1,0.7,2,0.006972076022066176,0.08464477804955095,0.0803209989098832,0.0036051070783287287,0.17554296005982906,0.0019454449648037553,0.17554296005982906,0.0803209989098832,4,45,1,18,5599153,3832867,3615,72,490,29,6,20
8,0.0,4,0.012292600935325027,0.07248974102549255,0.2389232269488275,0.003579090000130236,0.3272846589097753,0.011269457056187093,0.040910582363721915,0.029865403368603438,0,136,8,38,14525600,14525600,10772,214,1796,101,48,57
32,0.7,5,0.057255757972598076,0.048376445076428354,1.177903519012034,0.008135303971357644,1.291671026032418,0.16450848698150367,0.04036471956351306,0.03680948496912606,68,1020,32,350,80936305,53210473,84551,1518,10661,593,192,429
32,0.7,9,0.14813968096859753,0.12200407101772726,2.258892282960005,0.00834692397620529,2.537382958922535,0.13377004710491747,0.07929321746632922,0.07059038384250016,68,1020,32,350,80936305,53210473,84551,1518,10661,593,192,429
64,0.7,6,0.30986265593674034,0.09121669898740947,3.34431321604643,0.0037606629775837064,3.7491532339481637,0.24492358905263245,0.05858051928044006,0.05225489400072547,133,2019,64,689,157450600,104125600,170573,3000,21417,1172,384,848
1,0.0,5,0.004692182061262429,0.04817350395023823,0.025371456053107977,0.0035531589528545737,0.08179030101746321,0.0019120470387861133,0.08179030101746321,0.025371456053107977,0,17,1,6,3388000,3388000,1369,32,296,17,6,8
64,0.0,5,0.096102221054025,0.05362837098073214,1.7955143130384386,0.008582874899730086,1.9538277799729258,0.20571201504208148,0.030528559062076965,0.028054911141225602,0,1088,64,290,104125600,104125600,90121,1670,14496,773,384,449
16,0.0,1,0.024677951936610043,0.05830877705011517,0.5438211120199412,0.003636981942690909,0.6304448229493573,0.025358558050356805,0.03940280143433483,0.033988819501246326,0,272,16,74,27325600,27325600,22014,422,3585,197,96,113
8,0.0,6,0.014810845023021102,0.05688873399049044,0.185999998007901,0.003690477926284075,0.2613900549476966,0.013139559072442353,0.03267375686846208,0.023249999750987627,0,136,8,38,14525600,14525600,10772,214,1796,101,48,57
8,0.7,0,0.013203605893068016,0.05404715402983129,0.45049039204604924,0.003721043933182955,0.5214621959021315,0.06085723405703902,0.06518277448776644,0.056311299005756155,19,269,8,95,23256298,14525600,21842,404,2746,158,48,114
4,0.7,9,0.009293014998547733,0.13933393999468535,0.25399377499707043,0.008370485040359199,0.4109912150306627,0.00851004896685481,0.10274780375766568,0.06349844374926761,10,138,4,50,12662011,8479039,11057,210,1419,83,24,59
4,0.0,8,0.008544066920876503,0.050496236071921885,0.14040715200826526,0.017605933942832053,0.2170533889438957,0.016776759061031044,0.054263347235973924,0.035101788002066314,0,68,4,20,8125600,8125600,5339,110,926,53,24,29
32,0.7,1,0.08305220899637789,0.07373285992071033,1.4357351540820673,0.005863311933353543,1.598383534932509,0.12340708705596626,0.04994948546664091,0.0448667235650646,68,1020,32,350,80936305,53210473,84551,1518,10661,593,192,429
16,0.0,0,0.03502253908663988,0.07630435796454549,0.6002409049542621,0.008349479059688747,0.7199172810651362,0.062139043933711946,0.04499483006657101,0.03751505655964138,0,272,16,74,27325600,27325600,22014,422,3585,197,96,113
64,0.7,0,0.12615581403952092,0.11351717403158545,3.6667302260175347,0.003736755927093327,3.9101399700157344,0.20137837599031627,0.06109593703149585,0.05729265978152398,133,2019,64,689,157450600,104125600,170573,3000,21417,1172,384,848
4,0.0,9,0.007038527983240783,0.056849098997190595,0.10955734096933156,0.006622073007747531,0.18006704095751047,0.04644507204648107,0.04501676023937762,0.02738933524233289,0,68,4,20,8125600,8125600,5339,110,926,53,24,29
16,0.0,3,0.07295546995010227,0.1246814540354535,0.8320965500315651,0.00881953292991966,1.0385530069470406,0.02657797501888126,0.06490956293419003,0.05200603437697282,0,272,16,74,27325600,27325600,22014,422,3585,197,96,113
4,0.7,3,0.0051043020794168115,0.1141843720106408,0.2692999569699168,0.0036847300361841917,0.3922733610961586,0.006431841989979148,0.09806834027403966,0.0673249892424792,10,138,4,50,12662011,8479039,11057,210,1419,83,24,59
1,0.7,5,0.003457413986325264,0.08745101909153163,0.0747626069933176,0.00367989600636065,0.16935093607753515,0.0037698079831898212,0.16935093607753515,0.0747626069933176,4,45,1,18,5599153,3832867,3615,72,490,29,6,20
32,0.7,6,0.08288321201689541,0.08244509401265532,1.5793809759197757,0.0037774060619995,1.748486688011326,0.12126110994722694,0.054640209000353934,0.04935565549749299,68,1020,32,350,80936305,53210473,84551,1518,10661,593,192,429
4,0.0,1,0.016197229037061334,0.04839503893163055,0.09422425809316337,0.003646234981715679,0.16246276104357094,0.006082957028411329,0.040615690260892734,0.023556064523290843,0,68,4,20,8125600,8125600,5339,110,926,53,24,29
1,0.0,8,0.0033807080471888185,0.047721729963086545,0.081675422959961,0.007808688096702099,0.14058654906693846,0.0015173410065472126,0.14058654906693846,0.081675422959961,0,17,1,6,3388000,3388000,1369,32,296,17,6,8
32,0.0,0,0.04308144294191152,0.050245237071067095,1.2286952859722078,0.008203823934309185,1.3302257899194956,0.05639052309561521,0.04156955593498424,0.03839672768663149,0,544,32,146,52925600,52925600,44625,838,7200,389,192,225
32,0.0,4,0.10942688304930925,0.1321298599941656,1.335523645975627,0.008274125983007252,1.585354515002109,0.07371724303811789,0.04954232859381591,0.041735113936738344,0,544,32,146,52925600,52925600,44625,838,7200,389,192,225
16,0.7,0,0.02210897405166179,0.04967488895636052,0.5573697290383279,0.003688908996991813,0.632842501043342,0.030877831974066794,0.03955265631520888,0.034835608064895496,35,517,16,179,42090586,27325600,42501,772,5352,302,96,218
8,0.0,9,0.012297071982175112,0.04776257602497935,0.224076695041731,0.003748999908566475,0.28788534295745194,0.014342925045639277,0.03598566786968149,0.028009586880216375,0,136,8,38,14525600,14525600,10772,214,1796,101,48,57
1,0.0,0,0.003827936016023159,0.05588361504487693,0.027166793937794864,0.0037214800249785185,0.09059982502367347,0.002062625950202346,0.09059982502367347,0.027166793937794864,0,17,1,6,3388000,3388000,1369,32,296,17,6,8
8,0.7,4,0.01582129905000329,0.0625485759228468,0.2404294511070475,0.0036187960067763925,0.322418122086674,0.016264979960396886,0.04030226526083425,0.030053681388380937,19,269,8,95,23256298,14525600,21842,404,2746,158,48,114
1,0.7,0,0.00412163301371038,0.05162952991668135,0.03802047099452466,0.0037371920188888907,0.09750882594380528,0.002327301073819399,0.09750882594380528,0.03802047099452466,4,45,1,18,5599153,3832867,3615,72,490,29,6,20
8,0.7,3,0.01828051800839603,0.059167696977965534,0.239491006010212,0.004229075973853469,0.32116829697042704,0.016673373989760876,0.04014603712130338,0.0299363757512765,19,269,8,95,23256298,14525600,21842,404,2746,158,48,114
1,0.0,4,0.002371331094764173,0.048235780908726156,0.030691027059219778,0.0036957879783585668,0.08499392704106867,0.0029024260584264994,0.08499392704106867,0.030691027059219778,0,17,1,6,3388000,3388000,1369,32,296,17,6,8
8,0.0,2,0.014027907978743315,0.057511935010552406,0.22174190497025847,0.005573570029810071,0.29885531798936427,0.012119038961827755,0.03735691474867053,0.02771773812128231,0,136,8,38,14525600,14525600,10772,214,1796,101,48,57
64,0.0,8,0.09717883402481675,0.056585961021482944,2.1381754969479516,0.004031274002045393,2.2959715659962967,0.15482840302865952,0.035874555718692136,0.033408992139811744,0,1088,64,290,104125600,104125600,90121,1670,14496,773,384,449
1,0.7,3,0.0038091629976406693,0.08384518709499389,0.06560203491244465,0.00794049201067537,0.16119687701575458,0.005553930066525936,0.16119687701575458,0.06560203491244465,4,45,1,18,5599153,3832867,3615,72,490,29,6,20
64,0.0,1,0.13713184092193842,0.07448313501663506,1.822165937977843,0.008381065097637475,2.042161979014054,0.14569987100549042,0.03190878092209459,0.028471342780903797,0,1088,64,290,104125600,104125600,90121,1670,14496,773,384,449
64,0.7,8,0.09747138293460011,0.07132529898080975,2.7934087159810588,0.008156366064213216,2.970361763960682,0.2395783099345863,0.046411902561885654,0.04364701118720404,133,2019,64,689,157450600,104125600,170573,3000,21417,1172,384,848
32,0.7,2,0.05012513499241322,0.060900280019268394,1.0555703119607642,0.01751425804104656,1.1841099850134924,0.17041933396831155,0.03700343703167164,0.03298657224877388,68,1020,32,350,80936305,53210473,84551,1518,10661,593,192,429
64,0.7,1,0.15856017405167222,0.13136306300293654,3.2585931399371475,0.003722835099324584,3.552239212091081,0.3571731069823727,0.05550373768892314,0.05091551781151793,133,2019,64,689,157450600,104125600,170573,3000,21417,1172,384,848
32,0.7,7,0.10328253300394863,0.10013638308737427,3.4831475589890033,0.01980079198256135,3.7063672670628875,0.26731127593666315,0.11582397709571524,0.10884836121840635,68,1020,32,350,80936305,53210473,84551,1518,10661,593,192,429
64,0.0,9,0.09267456794623286,0.059650929062627256,1.7719572120113298,0.010547671001404524,1.9348303800215945,0.2834882289171219,0.030231724687837414,0.02768683143767703,0,1088,64,290,104125600,104125600,90121,1670,14496,773,384,449
32,0.0,2,0.06252584990579635,0.06349479011259973,1.0092564529040828,0.008213756023906171,1.143490848946385,0.05301117803901434,0.035734089029574534,0.03153926415325259,0,544,32,146,52925600,52925600,44625,838,7200,389,192,225
16,0.7,2,0.019730304018594325,0.05443649995140731,0.8922727730823681,0.004302007961086929,0.9707415850134566,0.07162407704163343,0.06067134906334104,0.055767048317648005,35,517,16,179,42090586,27325600,42501,772,5352,302,96,218
4,0.7,5,0.016234392998740077,0.07850178005173802,0.2164689670316875,0.0035626739263534546,0.31476781400851905,0.026797614060342312,0.07869195350212976,0.054117241757921875,10,138,4,50,12662011,8479039,11057,210,1419,83,24,59
8,0.7,2,0.01040747098159045,0.08388177305459976,0.46317449992056936,0.004332446027547121,0.5617961899843067,0.01808097306638956,0.07022452374803834,0.05789681249007117,19,269,8,95,23256298,14525600,21842,404,2746,158,48,114
16,0.0,6,0.03494224697351456,0.05612048099283129,0.45194162998814136,0.003771353978663683,0.5467757119331509,0.0751687150914222,0.03417348199582193,0.028246351874258835,0,272,16,74,27325600,27325600,22014,422,3585,197,96,113
16,0.7,3,0.03037108900025487,0.09190788096748292,0.913538560969755,0.0038188480539247394,1.0396363789914176,0.03314063197467476,0.0649772736869636,0.05709616006060969,35,517,16,179,42090586,27325600,42501,772,5352,302,96,218
