cell,operation,sessions,session_id,arrival_ns,native_start_ns,oracle_start_ns,native_completion_ns,oracle_completion_ns,native_waiting_ns,oracle_waiting_ns
n1-load0.0,BSM,1,1,1000000,1000000,1000000,2600000,2600000,0,0
n1-load0.0,CORRECTION,1,1,2888000,2888000,2888000,3388000,3388000,0,0
n1-load0.7,BSM,1,1,1000000,1000000,1000000,2600000,2600000,0,0
n1-load0.7,CORRECTION,1,1,3332867,3332867,3332867,3832867,3832867,0,0
n4-load0.0,BSM,4,1,1000000,1000000,1000000,2600000,2600000,0,0
n4-load0.0,BSM,4,2,1800000,2600000,2600000,4200000,4200000,800000,800000
n4-load0.0,BSM,4,3,2600000,4200000,4200000,5800000,5800000,1600000,1600000
n4-load0.0,BSM,4,4,3400000,5800000,5800000,7400000,7400000,2400000,2400000
n4-load0.0,CORRECTION,4,1,2888000,2888000,2888000,3388000,3388000,0,0
n4-load0.0,CORRECTION,4,2,4425600,4425600,4425600,4925600,4925600,0,0
n4-load0.0,CORRECTION,4,3,6088000,6088000,6088000,6588000,6588000,0,0
n4-load0.0,CORRECTION,4,4,7625600,7625600,7625600,8125600,8125600,0,0
n4-load0.7,BSM,4,1,1000000,1000000,1000000,2600000,2600000,0,0
n4-load0.7,BSM,4,2,1800000,2600000,2600000,4200000,4200000,800000,800000
n4-load0.7,BSM,4,3,2600000,4200000,4200000,5800000,5800000,1600000,1600000
n4-load0.7,BSM,4,4,3400000,5800000,5800000,7400000,7400000,2400000,2400000
n4-load0.7,CORRECTION,4,1,3332867,3332867,3332867,3832867,3832867,0,0
n4-load0.7,CORRECTION,4,2,4447610,4447610,4447610,4947610,4947610,0,0
n4-load0.7,CORRECTION,4,3,6864296,6864296,6864296,7364296,7364296,0,0
n4-load0.7,CORRECTION,4,4,7979039,7979039,7979039,8479039,8479039,0,0
n8-load0.0,BSM,8,1,1000000,1000000,1000000,2600000,2600000,0,0
n8-load0.0,BSM,8,2,1800000,2600000,2600000,4200000,4200000,800000,800000
n8-load0.0,BSM,8,3,2600000,4200000,4200000,5800000,5800000,1600000,1600000
n8-load0.0,BSM,8,4,3400000,5800000,5800000,7400000,7400000,2400000,2400000
n8-load0.0,BSM,8,5,4200000,7400000,7400000,9000000,9000000,3200000,3200000
n8-load0.0,BSM,8,6,5000000,9000000,9000000,10600000,10600000,4000000,4000000
n8-load0.0,BSM,8,7,5800000,10600000,10600000,12200000,12200000,4800000,4800000
n8-load0.0,BSM,8,8,6600000,12200000,12200000,13800000,13800000,5600000,5600000
n8-load0.0,CORRECTION,8,1,2888000,2888000,2888000,3388000,3388000,0,0
n8-load0.0,CORRECTION,8,2,4425600,4425600,4425600,4925600,4925600,0,0
n8-load0.0,CORRECTION,8,3,6088000,6088000,6088000,6588000,6588000,0,0
n8-load0.0,CORRECTION,8,4,7625600,7625600,7625600,8125600,8125600,0,0
n8-load0.0,CORRECTION,8,5,9288000,9288000,9288000,9788000,9788000,0,0
n8-load0.0,CORRECTION,8,6,10825600,10825600,10825600,11325600,11325600,0,0
n8-load0.0,CORRECTION,8,7,12488000,12488000,12488000,12988000,12988000,0,0
n8-load0.0,CORRECTION,8,8,14025600,14025600,14025600,14525600,14525600,0,0
n8-load0.7,BSM,8,1,1000000,1000000,1000000,2600000,2600000,0,0
n8-load0.7,BSM,8,2,1800000,2600000,2600000,4200000,4200000,800000,800000
n8-load0.7,BSM,8,3,2600000,4200000,4200000,5800000,5800000,1600000,1600000
n8-load0.7,BSM,8,4,3400000,5800000,5800000,7400000,7400000,2400000,2400000
n8-load0.7,BSM,8,5,4200000,7400000,7400000,9000000,9000000,3200000,3200000
n8-load0.7,BSM,8,6,5000000,9000000,9000000,10600000,10600000,4000000,4000000
n8-load0.7,BSM,8,7,5800000,10600000,10600000,12200000,12200000,4800000,4800000
n8-load0.7,BSM,8,8,6600000,12200000,12200000,13800000,13800000,5600000,5600000
n8-load0.7,CORRECTION,8,1,3332867,3332867,3332867,3832867,3832867,0,0
n8-load0.7,CORRECTION,8,2,4447610,4447610,4447610,4947610,4947610,0,0
n8-load0.7,CORRECTION,8,3,6864296,6864296,6864296,7364296,7364296,0,0
n8-load0.7,CORRECTION,8,4,7979039,7979039,7979039,8479039,8479039,0,0
n8-load0.7,CORRECTION,8,5,9288000,9288000,9288000,9788000,9788000,0,0
n8-load0.7,CORRECTION,8,6,11510468,11510468,11510468,12010468,12010468,0,0
n8-load0.7,CORRECTION,8,7,12750011,12750011,12750011,13250011,13250011,0,0
n8-load0.7,CORRECTION,8,8,14025600,14025600,14025600,14525600,14525600,0,0
n16-load0.0,BSM,16,1,1000000,1000000,1000000,2600000,2600000,0,0
n16-load0.0,BSM,16,2,1800000,2600000,2600000,4200000,4200000,800000,800000
n16-load0.0,BSM,16,3,2600000,4200000,4200000,5800000,5800000,1600000,1600000
n16-load0.0,BSM,16,4,3400000,5800000,5800000,7400000,7400000,2400000,2400000
n16-load0.0,BSM,16,5,4200000,7400000,7400000,9000000,9000000,3200000,3200000
n16-load0.0,BSM,16,6,5000000,9000000,9000000,10600000,10600000,4000000,4000000
n16-load0.0,BSM,16,7,5800000,10600000,10600000,12200000,12200000,4800000,4800000
n16-load0.0,BSM,16,8,6600000,12200000,12200000,13800000,13800000,5600000,5600000
n16-load0.0,BSM,16,9,7400000,13800000,13800000,15400000,15400000,6400000,6400000
n16-load0.0,BSM,16,10,8200000,15400000,15400000,17000000,17000000,7200000,7200000
n16-load0.0,BSM,16,11,9000000,17000000,17000000,18600000,18600000,8000000,8000000
n16-load0.0,BSM,16,12,9800000,18600000,18600000,20200000,20200000,8800000,8800000
n16-load0.0,BSM,16,13,10600000,20200000,20200000,21800000,21800000,9600000,9600000
n16-load0.0,BSM,16,14,11400000,21800000,21800000,23400000,23400000,10400000,10400000
n16-load0.0,BSM,16,15,12200000,23400000,23400000,25000000,25000000,11200000,11200000
n16-load0.0,BSM,16,16,13000000,25000000,25000000,26600000,26600000,12000000,12000000
n16-load0.0,CORRECTION,16,1,2888000,2888000,2888000,3388000,3388000,0,0
n16-load0.0,CORRECTION,16,2,4425600,4425600,4425600,4925600,4925600,0,0
n16-load0.0,CORRECTION,16,3,6088000,6088000,6088000,6588000,6588000,0,0
n16-load0.0,CORRECTION,16,4,7625600,7625600,7625600,8125600,8125600,0,0
n16-load0.0,CORRECTION,16,5,9288000,9288000,9288000,9788000,9788000,0,0
n16-load0.0,CORRECTION,16,6,10825600,10825600,10825600,11325600,11325600,0,0
n16-load0.0,CORRECTION,16,7,12488000,12488000,12488000,12988000,12988000,0,0
n16-load0.0,CORRECTION,16,8,14025600,14025600,14025600,14525600,14525600,0,0
n16-load0.0,CORRECTION,16,9,15688000,15688000,15688000,16188000,16188000,0,0
n16-load0.0,CORRECTION,16,10,17225600,17225600,17225600,17725600,17725600,0,0
n16-load0.0,CORRECTION,16,11,18888000,18888000,18888000,19388000,19388000,0,0
n16-load0.0,CORRECTION,16,12,20425600,20425600,20425600,20925600,20925600,0,0
n16-load0.0,CORRECTION,16,13,22088000,22088000,22088000,22588000,22588000,0,0
n16-load0.0,CORRECTION,16,14,23625600,23625600,23625600,24125600,24125600,0,0
n16-load0.0,CORRECTION,16,15,25288000,25288000,25288000,25788000,25788000,0,0
n16-load0.0,CORRECTION,16,16,26825600,26825600,26825600,27325600,27325600,0,0
n16-load0.7,BSM,16,1,1000000,1000000,1000000,2600000,2600000,0,0
n16-load0.7,BSM,16,2,1800000,2600000,2600000,4200000,4200000,800000,800000
n16-load0.7,BSM,16,3,2600000,4200000,4200000,5800000,5800000,1600000,1600000
n16-load0.7,BSM,16,4,3400000,5800000,5800000,7400000,7400000,2400000,2400000
n16-load0.7,BSM,16,5,4200000,7400000,7400000,9000000,9000000,3200000,3200000
n16-load0.7,BSM,16,6,5000000,9000000,9000000,10600000,10600000,4000000,4000000
n16-load0.7,BSM,16,7,5800000,10600000,10600000,12200000,12200000,4800000,4800000
n16-load0.7,BSM,16,8,6600000,12200000,12200000,13800000,13800000,5600000,5600000
n16-load0.7,BSM,16,9,7400000,13800000,13800000,15400000,15400000,6400000,6400000
n16-load0.7,BSM,16,10,8200000,15400000,15400000,17000000,17000000,7200000,7200000
n16-load0.7,BSM,16,11,9000000,17000000,17000000,18600000,18600000,8000000,8000000
n16-load0.7,BSM,16,12,9800000,18600000,18600000,20200000,20200000,8800000,8800000
n16-load0.7,BSM,16,13,10600000,20200000,20200000,21800000,21800000,9600000,9600000
n16-load0.7,BSM,16,14,11400000,21800000,21800000,23400000,23400000,10400000,10400000
n16-load0.7,BSM,16,15,12200000,23400000,23400000,25000000,25000000,11200000,11200000
n16-load0.7,BSM,16,16,13000000,25000000,25000000,26600000,26600000,12000000,12000000
n16-load0.7,CORRECTION,16,1,3332867,3332867,3332867,3832867,3832867,0,0
n16-load0.7,CORRECTION,16,2,4447610,4447610,4447610,4947610,4947610,0,0
n16-load0.7,CORRECTION,16,3,6864296,6864296,6864296,7364296,7364296,0,0
n16-load0.7,CORRECTION,16,4,7979039,7979039,7979039,8479039,8479039,0,0
n16-load0.7,CORRECTION,16,5,9288000,9288000,9288000,9788000,9788000,0,0
n16-load0.7,CORRECTION,16,6,11510468,11510468,11510468,12010468,12010468,0,0
n16-load0.7,CORRECTION,16,7,12750011,12750011,12750011,13250011,13250011,0,0
n16-load0.7,CORRECTION,16,8,14025600,14025600,14025600,14525600,14525600,0,0
n16-load0.7,CORRECTION,16,9,16281440,16281440,16281440,16781440,16781440,0,0
n16-load0.7,CORRECTION,16,10,17396183,17396183,17396183,17896183,17896183,0,0
n16-load0.7,CORRECTION,16,11,18888000,18888000,18888000,19388000,19388000,0,0
n16-load0.7,CORRECTION,16,12,20927612,20927612,20927612,21427612,21427612,0,0
n16-load0.7,CORRECTION,16,13,22167155,22167155,22167155,22667155,22667155,0,0
n16-load0.7,CORRECTION,16,14,23625600,23625600,23625600,24125600,24125600,0,0
n16-load0.7,CORRECTION,16,15,25698584,25698584,25698584,26198584,26198584,0,0
n16-load0.7,CORRECTION,16,16,26825600,26825600,26825600,27325600,27325600,0,0
n32-load0.0,BSM,32,1,1000000,1000000,1000000,2600000,2600000,0,0
n32-load0.0,BSM,32,2,1800000,2600000,2600000,4200000,4200000,800000,800000
n32-load0.0,BSM,32,3,2600000,4200000,4200000,5800000,5800000,1600000,1600000
n32-load0.0,BSM,32,4,3400000,5800000,5800000,7400000,7400000,2400000,2400000
n32-load0.0,BSM,32,5,4200000,7400000,7400000,9000000,9000000,3200000,3200000
n32-load0.0,BSM,32,6,5000000,9000000,9000000,10600000,10600000,4000000,4000000
n32-load0.0,BSM,32,7,5800000,10600000,10600000,12200000,12200000,4800000,4800000
n32-load0.0,BSM,32,8,6600000,12200000,12200000,13800000,13800000,5600000,5600000
n32-load0.0,BSM,32,9,7400000,13800000,13800000,15400000,15400000,6400000,6400000
n32-load0.0,BSM,32,10,8200000,15400000,15400000,17000000,17000000,7200000,7200000
n32-load0.0,BSM,32,11,9000000,17000000,17000000,18600000,18600000,8000000,8000000
n32-load0.0,BSM,32,12,9800000,18600000,18600000,20200000,20200000,8800000,8800000
n32-load0.0,BSM,32,13,10600000,20200000,20200000,21800000,21800000,9600000,9600000
n32-load0.0,BSM,32,14,11400000,21800000,21800000,23400000,23400000,10400000,10400000
n32-load0.0,BSM,32,15,12200000,23400000,23400000,25000000,25000000,11200000,11200000
n32-load0.0,BSM,32,16,13000000,25000000,25000000,26600000,26600000,12000000,12000000
n32-load0.0,BSM,32,17,13800000,26600000,26600000,28200000,28200000,12800000,12800000
n32-load0.0,BSM,32,18,14600000,28200000,28200000,29800000,29800000,13600000,13600000
n32-load0.0,BSM,32,19,15400000,29800000,29800000,31400000,31400000,14400000,14400000
n32-load0.0,BSM,32,20,16200000,31400000,31400000,33000000,33000000,15200000,15200000
n32-load0.0,BSM,32,21,17000000,33000000,33000000,34600000,34600000,16000000,16000000
n32-load0.0,BSM,32,22,17800000,34600000,34600000,36200000,36200000,16800000,16800000
n32-load0.0,BSM,32,23,18600000,36200000,36200000,37800000,37800000,17600000,17600000
n32-load0.0,BSM,32,24,19400000,37800000,37800000,39400000,39400000,18400000,18400000
n32-load0.0,BSM,32,25,20200000,39400000,39400000,41000000,41000000,19200000,19200000
n32-load0.0,BSM,32,26,21000000,41000000,41000000,42600000,42600000,20000000,20000000
n32-load0.0,BSM,32,27,21800000,42600000,42600000,44200000,44200000,20800000,20800000
n32-load0.0,BSM,32,28,22600000,44200000,44200000,45800000,45800000,21600000,21600000
n32-load0.0,BSM,32,29,23400000,45800000,45800000,47400000,47400000,22400000,22400000
n32-load0.0,BSM,32,30,24200000,47400000,47400000,49000000,49000000,23200000,23200000
n32-load0.0,BSM,32,31,25000000,49000000,49000000,50600000,50600000,24000000,24000000
n32-load0.0,BSM,32,32,25800000,50600000,50600000,52200000,52200000,24800000,24800000
n32-load0.0,CORRECTION,32,1,2888000,2888000,2888000,3388000,3388000,0,0
n32-load0.0,CORRECTION,32,2,4425600,4425600,4425600,4925600,4925600,0,0
n32-load0.0,CORRECTION,32,3,6088000,6088000,6088000,6588000,6588000,0,0
n32-load0.0,CORRECTION,32,4,7625600,7625600,7625600,8125600,8125600,0,0
n32-load0.0,CORRECTION,32,5,9288000,9288000,9288000,9788000,9788000,0,0
n32-load0.0,CORRECTION,32,6,10825600,10825600,10825600,11325600,11325600,0,0
n32-load0.0,CORRECTION,32,7,12488000,12488000,12488000,12988000,12988000,0,0
n32-load0.0,CORRECTION,32,8,14025600,14025600,14025600,14525600,14525600,0,0
n32-load0.0,CORRECTION,32,9,15688000,15688000,15688000,16188000,16188000,0,0
n32-load0.0,CORRECTION,32,10,17225600,17225600,17225600,17725600,17725600,0,0
n32-load0.0,CORRECTION,32,11,18888000,18888000,18888000,19388000,19388000,0,0
n32-load0.0,CORRECTION,32,12,20425600,20425600,20425600,20925600,20925600,0,0
n32-load0.0,CORRECTION,32,13,22088000,22088000,22088000,22588000,22588000,0,0
n32-load0.0,CORRECTION,32,14,23625600,23625600,23625600,24125600,24125600,0,0
n32-load0.0,CORRECTION,32,15,25288000,25288000,25288000,25788000,25788000,0,0
n32-load0.0,CORRECTION,32,16,26825600,26825600,26825600,27325600,27325600,0,0
n32-load0.0,CORRECTION,32,17,28488000,28488000,28488000,28988000,28988000,0,0
n32-load0.0,CORRECTION,32,18,30025600,30025600,30025600,30525600,30525600,0,0
n32-load0.0,CORRECTION,32,19,31688000,31688000,31688000,32188000,32188000,0,0
n32-load0.0,CORRECTION,32,20,33225600,33225600,33225600,33725600,33725600,0,0
n32-load0.0,CORRECTION,32,21,34888000,34888000,34888000,35388000,35388000,0,0
n32-load0.0,CORRECTION,32,22,36425600,36425600,36425600,36925600,36925600,0,0
n32-load0.0,CORRECTION,32,23,38088000,38088000,38088000,38588000,38588000,0,0
n32-load0.0,CORRECTION,32,24,39625600,39625600,39625600,40125600,40125600,0,0
n32-load0.0,CORRECTION,32,25,41288000,41288000,41288000,41788000,41788000,0,0
n32-load0.0,CORRECTION,32,26,42825600,42825600,42825600,43325600,43325600,0,0
n32-load0.0,CORRECTION,32,27,44488000,44488000,44488000,44988000,44988000,0,0
n32-load0.0,CORRECTION,32,28,46025600,46025600,46025600,46525600,46525600,0,0
n32-load0.0,CORRECTION,32,29,47688000,47688000,47688000,48188000,48188000,0,0
n32-load0.0,CORRECTION,32,30,49225600,49225600,49225600,49725600,49725600,0,0
n32-load0.0,CORRECTION,32,31,50888000,50888000,50888000,51388000,51388000,0,0
n32-load0.0,CORRECTION,32,32,52425600,52425600,52425600,52925600,52925600,0,0
n32-load0.7,BSM,32,1,1000000,1000000,1000000,2600000,2600000,0,0
n32-load0.7,BSM,32,2,1800000,2600000,2600000,4200000,4200000,800000,800000
n32-load0.7,BSM,32,3,2600000,4200000,4200000,5800000,5800000,1600000,1600000
n32-load0.7,BSM,32,4,3400000,5800000,5800000,7400000,7400000,2400000,2400000
n32-load0.7,BSM,32,5,4200000,7400000,7400000,9000000,9000000,3200000,3200000
n32-load0.7,BSM,32,6,5000000,9000000,9000000,10600000,10600000,4000000,4000000
n32-load0.7,BSM,32,7,5800000,10600000,10600000,12200000,12200000,4800000,4800000
n32-load0.7,BSM,32,8,6600000,12200000,12200000,13800000,13800000,5600000,5600000
n32-load0.7,BSM,32,9,7400000,13800000,13800000,15400000,15400000,6400000,6400000
n32-load0.7,BSM,32,10,8200000,15400000,15400000,17000000,17000000,7200000,7200000
n32-load0.7,BSM,32,11,9000000,17000000,17000000,18600000,18600000,8000000,8000000
n32-load0.7,BSM,32,12,9800000,18600000,18600000,20200000,20200000,8800000,8800000
n32-load0.7,BSM,32,13,10600000,20200000,20200000,21800000,21800000,9600000,9600000
n32-load0.7,BSM,32,14,11400000,21800000,21800000,23400000,23400000,10400000,10400000
n32-load0.7,BSM,32,15,12200000,23400000,23400000,25000000,25000000,11200000,11200000
n32-load0.7,BSM,32,16,13000000,25000000,25000000,26600000,26600000,12000000,12000000
n32-load0.7,BSM,32,17,13800000,26600000,26600000,28200000,28200000,12800000,12800000
n32-load0.7,BSM,32,18,14600000,28200000,28200000,29800000,29800000,13600000,13600000
n32-load0.7,BSM,32,19,15400000,29800000,29800000,31400000,31400000,14400000,14400000
n32-load0.7,BSM,32,20,16200000,31400000,31400000,33000000,33000000,15200000,15200000
n32-load0.7,BSM,32,21,17000000,33000000,33000000,34600000,34600000,16000000,16000000
n32-load0.7,BSM,32,22,17800000,34600000,34600000,36200000,36200000,16800000,16800000
n32-load0.7,BSM,32,23,18600000,36200000,36200000,37800000,37800000,17600000,17600000
n32-load0.7,BSM,32,24,19400000,37800000,37800000,39400000,39400000,18400000,18400000
n32-load0.7,BSM,32,25,20200000,39400000,39400000,41000000,41000000,19200000,19200000
n32-load0.7,BSM,32,26,21000000,41000000,41000000,42600000,42600000,20000000,20000000
n32-load0.7,BSM,32,27,21800000,42600000,42600000,44200000,44200000,20800000,20800000
n32-load0.7,BSM,32,28,22600000,44200000,44200000,45800000,45800000,21600000,21600000
n32-load0.7,BSM,32,29,23400000,45800000,45800000,47400000,47400000,22400000,22400000
n32-load0.7,BSM,32,30,24200000,47400000,47400000,49000000,49000000,23200000,23200000
n32-load0.7,BSM,32,31,25000000,49000000,49000000,50600000,50600000,24000000,24000000
n32-load0.7,BSM,32,32,25800000,50600000,50600000,52200000,52200000,24800000,24800000
n32-load0.7,CORRECTION,32,1,3332867,3332867,3332867,3832867,3832867,0,0
n32-load0.7,CORRECTION,32,2,4447610,4447610,4447610,4947610,4947610,0,0
n32-load0.7,CORRECTION,32,3,6864296,6864296,6864296,7364296,7364296,0,0
n32-load0.7,CORRECTION,32,4,7979039,7979039,7979039,8479039,8479039,0,0
n32-load0.7,CORRECTION,32,5,9288000,9288000,9288000,9788000,9788000,0,0
n32-load0.7,CORRECTION,32,6,11510468,11510468,11510468,12010468,12010468,0,0
n32-load0.7,CORRECTION,32,7,12750011,12750011,12750011,13250011,13250011,0,0
n32-load0.7,CORRECTION,32,8,14025600,14025600,14025600,14525600,14525600,0,0
n32-load0.7,CORRECTION,32,9,16281440,16281440,16281440,16781440,16781440,0,0
n32-load0.7,CORRECTION,32,10,17396183,17396183,17396183,17896183,17896183,0,0
n32-load0.7,CORRECTION,32,11,18888000,18888000,18888000,19388000,19388000,0,0
n32-load0.7,CORRECTION,32,12,20927612,20927612,20927612,21427612,21427612,0,0
n32-load0.7,CORRECTION,32,13,22167155,22167155,22167155,22667155,22667155,0,0
n32-load0.7,CORRECTION,32,14,23625600,23625600,23625600,24125600,24125600,0,0
n32-load0.7,CORRECTION,32,15,25698584,25698584,25698584,26198584,26198584,0,0
n32-load0.7,CORRECTION,32,16,26825600,26825600,26825600,27325600,27325600,0,0
n32-load0.7,CORRECTION,32,17,29230013,29230013,29230013,29730013,29730013,0,0
n32-load0.7,CORRECTION,32,18,30344756,30344756,30344756,30844756,30844756,0,0
n32-load0.7,CORRECTION,32,19,31688000,31688000,31688000,32188000,32188000,0,0
n32-load0.7,CORRECTION,32,20,33876185,33876185,33876185,34376185,34376185,0,0
n32-load0.7,CORRECTION,32,21,35115728,35115728,35115728,35615728,35615728,0,0
n32-load0.7,CORRECTION,32,22,36425600,36425600,36425600,36925600,36925600,0,0
n32-load0.7,CORRECTION,32,23,38647157,38647157,38647157,39147157,39147157,0,0
n32-load0.7,CORRECTION,32,24,39761900,39761900,39761900,40261900,40261900,0,0
n32-load0.7,CORRECTION,32,25,41288000,41288000,41288000,41788000,41788000,0,0
n32-load0.7,CORRECTION,32,26,43293329,43293329,43293329,43793329,43793329,0,0
n32-load0.7,CORRECTION,32,27,44532872,44532872,44532872,45032872,45032872,0,0
n32-load0.7,CORRECTION,32,28,46824758,46824758,46824758,47324758,47324758,0,0
n32-load0.7,CORRECTION,32,29,48064301,48064301,48064301,48564301,48564301,0,0
n32-load0.7,CORRECTION,32,30,49225600,49225600,49225600,49725600,49725600,0,0
n32-load0.7,CORRECTION,32,31,51595730,51595730,51595730,52095730,52095730,0,0
n32-load0.7,CORRECTION,32,32,52710473,52710473,52710473,53210473,53210473,0,0
n64-load0.0,BSM,64,1,1000000,1000000,1000000,2600000,2600000,0,0
n64-load0.0,BSM,64,2,1800000,2600000,2600000,4200000,4200000,800000,800000
n64-load0.0,BSM,64,3,2600000,4200000,4200000,5800000,5800000,1600000,1600000
n64-load0.0,BSM,64,4,3400000,5800000,5800000,7400000,7400000,2400000,2400000
n64-load0.0,BSM,64,5,4200000,7400000,7400000,9000000,9000000,3200000,3200000
n64-load0.0,BSM,64,6,5000000,9000000,9000000,10600000,10600000,4000000,4000000
n64-load0.0,BSM,64,7,5800000,10600000,10600000,12200000,12200000,4800000,4800000
n64-load0.0,BSM,64,8,6600000,12200000,12200000,13800000,13800000,5600000,5600000
n64-load0.0,BSM,64,9,7400000,13800000,13800000,15400000,15400000,6400000,6400000
n64-load0.0,BSM,64,10,8200000,15400000,15400000,17000000,17000000,7200000,7200000
n64-load0.0,BSM,64,11,9000000,17000000,17000000,18600000,18600000,8000000,8000000
n64-load0.0,BSM,64,12,9800000,18600000,18600000,20200000,20200000,8800000,8800000
n64-load0.0,BSM,64,13,10600000,20200000,20200000,21800000,21800000,9600000,9600000
n64-load0.0,BSM,64,14,11400000,21800000,21800000,23400000,23400000,10400000,10400000
n64-load0.0,BSM,64,15,12200000,23400000,23400000,25000000,25000000,11200000,11200000
n64-load0.0,BSM,64,16,13000000,25000000,25000000,26600000,26600000,12000000,12000000
n64-load0.0,BSM,64,17,13800000,26600000,26600000,28200000,28200000,12800000,12800000
n64-load0.0,BSM,64,18,14600000,28200000,28200000,29800000,29800000,13600000,13600000
n64-load0.0,BSM,64,19,15400000,29800000,29800000,31400000,31400000,14400000,14400000
n64-load0.0,BSM,64,20,16200000,31400000,31400000,33000000,33000000,15200000,15200000
n64-load0.0,BSM,64,21,17000000,33000000,33000000,34600000,34600000,16000000,16000000
n64-load0.0,BSM,64,22,17800000,34600000,34600000,36200000,36200000,16800000,16800000
n64-load0.0,BSM,64,23,18600000,36200000,36200000,37800000,37800000,17600000,17600000
n64-load0.0,BSM,64,24,19400000,37800000,37800000,39400000,39400000,18400000,18400000
n64-load0.0,BSM,64,25,20200000,39400000,39400000,41000000,41000000,19200000,19200000
n64-load0.0,BSM,64,26,21000000,41000000,41000000,42600000,42600000,20000000,20000000
n64-load0.0,BSM,64,27,21800000,42600000,42600000,44200000,44200000,20800000,20800000
n64-load0.0,BSM,64,28,22600000,44200000,44200000,45800000,45800000,21600000,21600000
n64-load0.0,BSM,64,29,23400000,45800000,45800000,47400000,47400000,22400000,22400000
n64-load0.0,BSM,64,30,24200000,47400000,47400000,49000000,49000000,23200000,23200000
n64-load0.0,BSM,64,31,25000000,49000000,49000000,50600000,50600000,24000000,24000000
n64-load0.0,BSM,64,32,25800000,50600000,50600000,52200000,52200000,24800000,24800000
n64-load0.0,BSM,64,33,26600000,52200000,52200000,53800000,53800000,25600000,25600000
n64-load0.0,BSM,64,34,27400000,53800000,53800000,55400000,55400000,26400000,26400000
n64-load0.0,BSM,64,35,28200000,55400000,55400000,57000000,57000000,27200000,27200000
n64-load0.0,BSM,64,36,29000000,57000000,57000000,58600000,58600000,28000000,28000000
n64-load0.0,BSM,64,37,29800000,58600000,58600000,60200000,60200000,28800000,28800000
n64-load0.0,BSM,64,38,30600000,60200000,60200000,61800000,61800000,29600000,29600000
n64-load0.0,BSM,64,39,31400000,61800000,61800000,63400000,63400000,30400000,30400000
n64-load0.0,BSM,64,40,32200000,63400000,63400000,65000000,65000000,31200000,31200000
n64-load0.0,BSM,64,41,33000000,65000000,65000000,66600000,66600000,32000000,32000000
n64-load0.0,BSM,64,42,33800000,66600000,66600000,68200000,68200000,32800000,32800000
n64-load0.0,BSM,64,43,34600000,68200000,68200000,69800000,69800000,33600000,33600000
n64-load0.0,BSM,64,44,35400000,69800000,69800000,71400000,71400000,34400000,34400000
n64-load0.0,BSM,64,45,36200000,71400000,71400000,73000000,73000000,35200000,35200000
n64-load0.0,BSM,64,46,37000000,73000000,73000000,74600000,74600000,36000000,36000000
n64-load0.0,BSM,64,47,37800000,74600000,74600000,76200000,76200000,36800000,36800000
n64-load0.0,BSM,64,48,38600000,76200000,76200000,77800000,77800000,37600000,37600000
n64-load0.0,BSM,64,49,39400000,77800000,77800000,79400000,79400000,38400000,38400000
n64-load0.0,BSM,64,50,40200000,79400000,79400000,81000000,81000000,39200000,39200000
n64-load0.0,BSM,64,51,41000000,81000000,81000000,82600000,82600000,40000000,40000000
n64-load0.0,BSM,64,52,41800000,82600000,82600000,84200000,84200000,40800000,40800000
n64-load0.0,BSM,64,53,42600000,84200000,84200000,85800000,85800000,41600000,41600000
n64-load0.0,BSM,64,54,43400000,85800000,85800000,87400000,87400000,42400000,42400000
n64-load0.0,BSM,64,55,44200000,87400000,87400000,89000000,89000000,43200000,43200000
n64-load0.0,BSM,64,56,45000000,89000000,89000000,90600000,90600000,44000000,44000000
n64-load0.0,BSM,64,57,45800000,90600000,90600000,92200000,92200000,44800000,44800000
n64-load0.0,BSM,64,58,46600000,92200000,92200000,93800000,93800000,45600000,45600000
n64-load0.0,BSM,64,59,47400000,93800000,93800000,95400000,95400000,46400000,46400000
n64-load0.0,BSM,64,60,48200000,95400000,95400000,97000000,97000000,47200000,47200000
n64-load0.0,BSM,64,61,49000000,97000000,97000000,98600000,98600000,48000000,48000000
n64-load0.0,BSM,64,62,49800000,98600000,98600000,100200000,100200000,48800000,48800000
n64-load0.0,BSM,64,63,50600000,100200000,100200000,101800000,101800000,49600000,49600000
n64-load0.0,BSM,64,64,51400000,101800000,101800000,103400000,103400000,50400000,50400000
n64-load0.0,CORRECTION,64,1,2888000,2888000,2888000,3388000,3388000,0,0
n64-load0.0,CORRECTION,64,2,4425600,4425600,4425600,4925600,4925600,0,0
n64-load0.0,CORRECTION,64,3,6088000,6088000,6088000,6588000,6588000,0,0
n64-load0.0,CORRECTION,64,4,7625600,7625600,7625600,8125600,8125600,0,0
n64-load0.0,CORRECTION,64,5,9288000,9288000,9288000,9788000,9788000,0,0
n64-load0.0,CORRECTION,64,6,10825600,10825600,10825600,11325600,11325600,0,0
n64-load0.0,CORRECTION,64,7,12488000,12488000,12488000,12988000,12988000,0,0
n64-load0.0,CORRECTION,64,8,14025600,14025600,14025600,14525600,14525600,0,0
n64-load0.0,CORRECTION,64,9,15688000,15688000,15688000,16188000,16188000,0,0
n64-load0.0,CORRECTION,64,10,17225600,17225600,17225600,17725600,17725600,0,0
n64-load0.0,CORRECTION,64,11,18888000,18888000,18888000,19388000,19388000,0,0
n64-load0.0,CORRECTION,64,12,20425600,20425600,20425600,20925600,20925600,0,0
n64-load0.0,CORRECTION,64,13,22088000,22088000,22088000,22588000,22588000,0,0
n64-load0.0,CORRECTION,64,14,23625600,23625600,23625600,24125600,24125600,0,0
n64-load0.0,CORRECTION,64,15,25288000,25288000,25288000,25788000,25788000,0,0
n64-load0.0,CORRECTION,64,16,26825600,26825600,26825600,27325600,27325600,0,0
n64-load0.0,CORRECTION,64,17,28488000,28488000,28488000,28988000,28988000,0,0
n64-load0.0,CORRECTION,64,18,30025600,30025600,30025600,30525600,30525600,0,0
n64-load0.0,CORRECTION,64,19,31688000,31688000,31688000,32188000,32188000,0,0
n64-load0.0,CORRECTION,64,20,33225600,33225600,33225600,33725600,33725600,0,0
n64-load0.0,CORRECTION,64,21,34888000,34888000,34888000,35388000,35388000,0,0
n64-load0.0,CORRECTION,64,22,36425600,36425600,36425600,36925600,36925600,0,0
n64-load0.0,CORRECTION,64,23,38088000,38088000,38088000,38588000,38588000,0,0
n64-load0.0,CORRECTION,64,24,39625600,39625600,39625600,40125600,40125600,0,0
n64-load0.0,CORRECTION,64,25,41288000,41288000,41288000,41788000,41788000,0,0
n64-load0.0,CORRECTION,64,26,42825600,42825600,42825600,43325600,43325600,0,0
n64-load0.0,CORRECTION,64,27,44488000,44488000,44488000,44988000,44988000,0,0
n64-load0.0,CORRECTION,64,28,46025600,46025600,46025600,46525600,46525600,0,0
n64-load0.0,CORRECTION,64,29,47688000,47688000,47688000,48188000,48188000,0,0
n64-load0.0,CORRECTION,64,30,49225600,49225600,49225600,49725600,49725600,0,0
n64-load0.0,CORRECTION,64,31,50888000,50888000,50888000,51388000,51388000,0,0
n64-load0.0,CORRECTION,64,32,52425600,52425600,52425600,52925600,52925600,0,0
n64-load0.0,CORRECTION,64,33,54088000,54088000,54088000,54588000,54588000,0,0
n64-load0.0,CORRECTION,64,34,55625600,55625600,55625600,56125600,56125600,0,0
n64-load0.0,CORRECTION,64,35,57288000,57288000,57288000,57788000,57788000,0,0
n64-load0.0,CORRECTION,64,36,58825600,58825600,58825600,59325600,59325600,0,0
n64-load0.0,CORRECTION,64,37,60488000,60488000,60488000,60988000,60988000,0,0
n64-load0.0,CORRECTION,64,38,62025600,62025600,62025600,62525600,62525600,0,0
n64-load0.0,CORRECTION,64,39,63688000,63688000,63688000,64188000,64188000,0,0
n64-load0.0,CORRECTION,64,40,65225600,65225600,65225600,65725600,65725600,0,0
n64-load0.0,CORRECTION,64,41,66888000,66888000,66888000,67388000,67388000,0,0
n64-load0.0,CORRECTION,64,42,68425600,68425600,68425600,68925600,68925600,0,0
n64-load0.0,CORRECTION,64,43,70088000,70088000,70088000,70588000,70588000,0,0
n64-load0.0,CORRECTION,64,44,71625600,71625600,71625600,72125600,72125600,0,0
n64-load0.0,CORRECTION,64,45,73288000,73288000,73288000,73788000,73788000,0,0
n64-load0.0,CORRECTION,64,46,74825600,74825600,74825600,75325600,75325600,0,0
n64-load0.0,CORRECTION,64,47,76488000,76488000,76488000,76988000,76988000,0,0
n64-load0.0,CORRECTION,64,48,78025600,78025600,78025600,78525600,78525600,0,0
n64-load0.0,CORRECTION,64,49,79688000,79688000,79688000,80188000,80188000,0,0
n64-load0.0,CORRECTION,64,50,81225600,81225600,81225600,81725600,81725600,0,0
n64-load0.0,CORRECTION,64,51,82888000,82888000,82888000,83388000,83388000,0,0
n64-load0.0,CORRECTION,64,52,84425600,84425600,84425600,84925600,84925600,0,0
n64-load0.0,CORRECTION,64,53,86088000,86088000,86088000,86588000,86588000,0,0
n64-load0.0,CORRECTION,64,54,87625600,87625600,87625600,88125600,88125600,0,0
n64-load0.0,CORRECTION,64,55,89288000,89288000,89288000,89788000,89788000,0,0
n64-load0.0,CORRECTION,64,56,90825600,90825600,90825600,91325600,91325600,0,0
n64-load0.0,CORRECTION,64,57,92488000,92488000,92488000,92988000,92988000,0,0
n64-load0.0,CORRECTION,64,58,94025600,94025600,94025600,94525600,94525600,0,0
n64-load0.0,CORRECTION,64,59,95688000,95688000,95688000,96188000,96188000,0,0
n64-load0.0,CORRECTION,64,60,97225600,97225600,97225600,97725600,97725600,0,0
n64-load0.0,CORRECTION,64,61,98888000,98888000,98888000,99388000,99388000,0,0
n64-load0.0,CORRECTION,64,62,100425600,100425600,100425600,100925600,100925600,0,0
n64-load0.0,CORRECTION,64,63,102088000,102088000,102088000,102588000,102588000,0,0
n64-load0.0,CORRECTION,64,64,103625600,103625600,103625600,104125600,104125600,0,0
n64-load0.7,BSM,64,1,1000000,1000000,1000000,2600000,2600000,0,0
n64-load0.7,BSM,64,2,1800000,2600000,2600000,4200000,4200000,800000,800000
n64-load0.7,BSM,64,3,2600000,4200000,4200000,5800000,5800000,1600000,1600000
n64-load0.7,BSM,64,4,3400000,5800000,5800000,7400000,7400000,2400000,2400000
n64-load0.7,BSM,64,5,4200000,7400000,7400000,9000000,9000000,3200000,3200000
n64-load0.7,BSM,64,6,5000000,9000000,9000000,10600000,10600000,4000000,4000000
n64-load0.7,BSM,64,7,5800000,10600000,10600000,12200000,12200000,4800000,4800000
n64-load0.7,BSM,64,8,6600000,12200000,12200000,13800000,13800000,5600000,5600000
n64-load0.7,BSM,64,9,7400000,13800000,13800000,15400000,15400000,6400000,6400000
n64-load0.7,BSM,64,10,8200000,15400000,15400000,17000000,17000000,7200000,7200000
n64-load0.7,BSM,64,11,9000000,17000000,17000000,18600000,18600000,8000000,8000000
n64-load0.7,BSM,64,12,9800000,18600000,18600000,20200000,20200000,8800000,8800000
n64-load0.7,BSM,64,13,10600000,20200000,20200000,21800000,21800000,9600000,9600000
n64-load0.7,BSM,64,14,11400000,21800000,21800000,23400000,23400000,10400000,10400000
n64-load0.7,BSM,64,15,12200000,23400000,23400000,25000000,25000000,11200000,11200000
n64-load0.7,BSM,64,16,13000000,25000000,25000000,26600000,26600000,12000000,12000000
n64-load0.7,BSM,64,17,13800000,26600000,26600000,28200000,28200000,12800000,12800000
n64-load0.7,BSM,64,18,14600000,28200000,28200000,29800000,29800000,13600000,13600000
n64-load0.7,BSM,64,19,15400000,29800000,29800000,31400000,31400000,14400000,14400000
n64-load0.7,BSM,64,20,16200000,31400000,31400000,33000000,33000000,15200000,15200000
n64-load0.7,BSM,64,21,17000000,33000000,33000000,34600000,34600000,16000000,16000000
n64-load0.7,BSM,64,22,17800000,34600000,34600000,36200000,36200000,16800000,16800000
n64-load0.7,BSM,64,23,18600000,36200000,36200000,37800000,37800000,17600000,17600000
n64-load0.7,BSM,64,24,19400000,37800000,37800000,39400000,39400000,18400000,18400000
n64-load0.7,BSM,64,25,20200000,39400000,39400000,41000000,41000000,19200000,19200000
n64-load0.7,BSM,64,26,21000000,41000000,41000000,42600000,42600000,20000000,20000000
n64-load0.7,BSM,64,27,21800000,42600000,42600000,44200000,44200000,20800000,20800000
n64-load0.7,BSM,64,28,22600000,44200000,44200000,45800000,45800000,21600000,21600000
n64-load0.7,BSM,64,29,23400000,45800000,45800000,47400000,47400000,22400000,22400000
n64-load0.7,BSM,64,30,24200000,47400000,47400000,49000000,49000000,23200000,23200000
n64-load0.7,BSM,64,31,25000000,49000000,49000000,50600000,50600000,24000000,24000000
n64-load0.7,BSM,64,32,25800000,50600000,50600000,52200000,52200000,24800000,24800000
n64-load0.7,BSM,64,33,26600000,52200000,52200000,53800000,53800000,25600000,25600000
n64-load0.7,BSM,64,34,27400000,53800000,53800000,55400000,55400000,26400000,26400000
n64-load0.7,BSM,64,35,28200000,55400000,55400000,57000000,57000000,27200000,27200000
n64-load0.7,BSM,64,36,29000000,57000000,57000000,58600000,58600000,28000000,28000000
n64-load0.7,BSM,64,37,29800000,58600000,58600000,60200000,60200000,28800000,28800000
n64-load0.7,BSM,64,38,30600000,60200000,60200000,61800000,61800000,29600000,29600000
n64-load0.7,BSM,64,39,31400000,61800000,61800000,63400000,63400000,30400000,30400000
n64-load0.7,BSM,64,40,32200000,63400000,63400000,65000000,65000000,31200000,31200000
n64-load0.7,BSM,64,41,33000000,65000000,65000000,66600000,66600000,32000000,32000000
n64-load0.7,BSM,64,42,33800000,66600000,66600000,68200000,68200000,32800000,32800000
n64-load0.7,BSM,64,43,34600000,68200000,68200000,69800000,69800000,33600000,33600000
n64-load0.7,BSM,64,44,35400000,69800000,69800000,71400000,71400000,34400000,34400000
n64-load0.7,BSM,64,45,36200000,71400000,71400000,73000000,73000000,35200000,35200000
n64-load0.7,BSM,64,46,37000000,73000000,73000000,74600000,74600000,36000000,36000000
n64-load0.7,BSM,64,47,37800000,74600000,74600000,76200000,76200000,36800000,36800000
n64-load0.7,BSM,64,48,38600000,76200000,76200000,77800000,77800000,37600000,37600000
n64-load0.7,BSM,64,49,39400000,77800000,77800000,79400000,79400000,38400000,38400000
n64-load0.7,BSM,64,50,40200000,79400000,79400000,81000000,81000000,39200000,39200000
n64-load0.7,BSM,64,51,41000000,81000000,81000000,82600000,82600000,40000000,40000000
n64-load0.7,BSM,64,52,41800000,82600000,82600000,84200000,84200000,40800000,40800000
n64-load0.7,BSM,64,53,42600000,84200000,84200000,85800000,85800000,41600000,41600000
n64-load0.7,BSM,64,54,43400000,85800000,85800000,87400000,87400000,42400000,42400000
n64-load0.7,BSM,64,55,44200000,87400000,87400000,89000000,89000000,43200000,43200000
n64-load0.7,BSM,64,56,45000000,89000000,89000000,90600000,90600000,44000000,44000000
n64-load0.7,BSM,64,57,45800000,90600000,90600000,92200000,92200000,44800000,44800000
n64-load0.7,BSM,64,58,46600000,92200000,92200000,93800000,93800000,45600000,45600000
n64-load0.7,BSM,64,59,47400000,93800000,93800000,95400000,95400000,46400000,46400000
n64-load0.7,BSM,64,60,48200000,95400000,95400000,97000000,97000000,47200000,47200000
n64-load0.7,BSM,64,61,49000000,97000000,97000000,98600000,98600000,48000000,48000000
n64-load0.7,BSM,64,62,49800000,98600000,98600000,100200000,100200000,48800000,48800000
n64-load0.7,BSM,64,63,50600000,100200000,100200000,101800000,101800000,49600000,49600000
n64-load0.7,BSM,64,64,51400000,101800000,101800000,103400000,103400000,50400000,50400000
n64-load0.7,CORRECTION,64,1,3332867,3332867,3332867,3832867,3832867,0,0
n64-load0.7,CORRECTION,64,2,4447610,4447610,4447610,4947610,4947610,0,0
n64-load0.7,CORRECTION,64,3,6864296,6864296,6864296,7364296,7364296,0,0
n64-load0.7,CORRECTION,64,4,7979039,7979039,7979039,8479039,8479039,0,0
n64-load0.7,CORRECTION,64,5,9288000,9288000,9288000,9788000,9788000,0,0
n64-load0.7,CORRECTION,64,6,11510468,11510468,11510468,12010468,12010468,0,0
n64-load0.7,CORRECTION,64,7,12750011,12750011,12750011,13250011,13250011,0,0
n64-load0.7,CORRECTION,64,8,14025600,14025600,14025600,14525600,14525600,0,0
n64-load0.7,CORRECTION,64,9,16281440,16281440,16281440,16781440,16781440,0,0
n64-load0.7,CORRECTION,64,10,17396183,17396183,17396183,17896183,17896183,0,0
n64-load0.7,CORRECTION,64,11,18888000,18888000,18888000,19388000,19388000,0,0
n64-load0.7,CORRECTION,64,12,20927612,20927612,20927612,21427612,21427612,0,0
n64-load0.7,CORRECTION,64,13,22167155,22167155,22167155,22667155,22667155,0,0
n64-load0.7,CORRECTION,64,14,23625600,23625600,23625600,24125600,24125600,0,0
n64-load0.7,CORRECTION,64,15,25698584,25698584,25698584,26198584,26198584,0,0
n64-load0.7,CORRECTION,64,16,26825600,26825600,26825600,27325600,27325600,0,0
n64-load0.7,CORRECTION,64,17,29230013,29230013,29230013,29730013,29730013,0,0
n64-load0.7,CORRECTION,64,18,30344756,30344756,30344756,30844756,30844756,0,0
n64-load0.7,CORRECTION,64,19,31688000,31688000,31688000,32188000,32188000,0,0
n64-load0.7,CORRECTION,64,20,33876185,33876185,33876185,34376185,34376185,0,0
n64-load0.7,CORRECTION,64,21,35115728,35115728,35115728,35615728,35615728,0,0
n64-load0.7,CORRECTION,64,22,36425600,36425600,36425600,36925600,36925600,0,0
n64-load0.7,CORRECTION,64,23,38647157,38647157,38647157,39147157,39147157,0,0
n64-load0.7,CORRECTION,64,24,39761900,39761900,39761900,40261900,40261900,0,0
n64-load0.7,CORRECTION,64,25,41288000,41288000,41288000,41788000,41788000,0,0
n64-load0.7,CORRECTION,64,26,43293329,43293329,43293329,43793329,43793329,0,0
n64-load0.7,CORRECTION,64,27,44532872,44532872,44532872,45032872,45032872,0,0
n64-load0.7,CORRECTION,64,28,46824758,46824758,46824758,47324758,47324758,0,0
n64-load0.7,CORRECTION,64,29,48064301,48064301,48064301,48564301,48564301,0,0
n64-load0.7,CORRECTION,64,30,49225600,49225600,49225600,49725600,49725600,0,0
n64-load0.7,CORRECTION,64,31,51595730,51595730,51595730,52095730,52095730,0,0
n64-load0.7,CORRECTION,64,32,52710473,52710473,52710473,53210473,53210473,0,0
n64-load0.7,CORRECTION,64,33,54088000,54088000,54088000,54588000,54588000,0,0
n64-load0.7,CORRECTION,64,34,56241902,56241902,56241902,56741902,56741902,0,0
n64-load0.7,CORRECTION,64,35,57481445,57481445,57481445,57981445,57981445,0,0
n64-load0.7,CORRECTION,64,36,58825600,58825600,58825600,59325600,59325600,0,0
n64-load0.7,CORRECTION,64,37,61012874,61012874,61012874,61512874,61512874,0,0
n64-load0.7,CORRECTION,64,38,62127617,62127617,62127617,62627617,62627617,0,0
n64-load0.7,CORRECTION,64,39,63688000,63688000,63688000,64188000,64188000,0,0
n64-load0.7,CORRECTION,64,40,65659046,65659046,65659046,66159046,66159046,0,0
n64-load0.7,CORRECTION,64,41,66898589,66898589,66898589,67398589,67398589,0,0
n64-load0.7,CORRECTION,64,42,69190475,69190475,69190475,69690475,69690475,0,0
n64-load0.7,CORRECTION,64,43,70430018,70430018,70430018,70930018,70930018,0,0
n64-load0.7,CORRECTION,64,44,71625600,71625600,71625600,72125600,72125600,0,0
n64-load0.7,CORRECTION,64,45,73961447,73961447,73961447,74461447,74461447,0,0
n64-load0.7,CORRECTION,64,46,75076190,75076190,75076190,75576190,75576190,0,0
n64-load0.7,CORRECTION,64,47,76488000,76488000,76488000,76988000,76988000,0,0
n64-load0.7,CORRECTION,64,48,78607619,78607619,78607619,79107619,79107619,0,0
n64-load0.7,CORRECTION,64,49,79847162,79847162,79847162,80347162,80347162,0,0
n64-load0.7,CORRECTION,64,50,81225600,81225600,81225600,81725600,81725600,0,0
n64-load0.7,CORRECTION,64,51,83378591,83378591,83378591,83878591,83878591,0,0
n64-load0.7,CORRECTION,64,52,84493334,84493334,84493334,84993334,84993334,0,0
n64-load0.7,CORRECTION,64,53,86910020,86910020,86910020,87410020,87410020,0,0
n64-load0.7,CORRECTION,64,54,88024763,88024763,88024763,88524763,88524763,0,0
n64-load0.7,CORRECTION,64,55,89288000,89288000,89288000,89788000,89788000,0,0
n64-load0.7,CORRECTION,64,56,91556192,91556192,91556192,92056192,92056192,0,0
n64-load0.7,CORRECTION,64,57,92795735,92795735,92795735,93295735,93295735,0,0
n64-load0.7,CORRECTION,64,58,94025600,94025600,94025600,94525600,94525600,0,0
n64-load0.7,CORRECTION,64,59,96327164,96327164,96327164,96827164,96827164,0,0
n64-load0.7,CORRECTION,64,60,97441907,97441907,97441907,97941907,97941907,0,0
n64-load0.7,CORRECTION,64,61,98888000,98888000,98888000,99388000,99388000,0,0
n64-load0.7,CORRECTION,64,62,100973336,100973336,100973336,101473336,101473336,0,0
n64-load0.7,CORRECTION,64,63,102212879,102212879,102212879,102712879,102712879,0,0
n64-load0.7,CORRECTION,64,64,103625600,103625600,103625600,104125600,104125600,0,0
